{
  "exp_id": 4,
  "description": "test experiment",

  "tasks": [
    {
      "query_title": "Actuary",
      "ranking_type": "postprocessing_1:qualification__qualification"
    },
    {
      "query_title": "Actuary",
      "ranking_type": "original"
    },
    {
      "query_title": "Actuary",
      "ranking_type": "ranker_1:qualification__qualification"
    },
    {
      "query_title": "Actuary",
      "ranking_type": "ranker_1:preprocessing_1:qualification_fair__qualification_fair"
    }
  ]


}