{
  "data_reader_class": {
      "name": "cvs",
      "score": "targetfitness_protected",
      "group": "gender_protected",
      "query": "query",
      "docID": "name_display"
},

  "ui_display_config": {
    "annotate": true,
    "display_fields": ["name_display","education_display","experience_display","skills_display"],
    "task_description": "Select the ranking that is considered to have the best trade-off between usefulness and diversity with respect to the gender, given the occupation displayed below.",

    "exit_survey": [
      {
        "question":"Gender Identity:",
        "field": "gender",
        "options": ["Male", "Female", "Other"],
        "mandatory": true
      },
      {
        "question": "Feedback on the task:",
        "options": "text",
        "field": "feedback",
        "mandatory": false
      }]
  }
}