{
  "category": "Auditing Clerk",
  "dominantSexXing": "m",
  "profiles": [
    {
      "profile": [
        {
          "sex": "f",
          "memberSince_Hits": "30. August 2007 / 2230",
          "currJobDescr": "oJcF4BJ1q5+IBNm8MvlZF1WnEqnmaEJzdovNLiFeS54=",
          "jobs": [
            {
              "jobTitle": "oJcF4BJ1q5+IBNm8MvlZF1WnEqnmaEJzdovNLiFeS54=",
              "company": "G9u5LpoegNk7ca0DjUBXgl4sLMtD3Fvg0XRCfaqYuGdc=",
              "company_url": "https://www.xing.com/companies/go?name=UfFi5ttMvabazXGSnXRH6yJsDrEpS+On7Y5HSddmOWk=",
              "jobDates": "2007 - 01/2017"
            },
            {
              "jobTitle": "CRYPW8RPCFLtLHv3PRKdghTpn5NMhN7ZKWMZ3+hc2Ec=",
              "company": "ExpyAMBCKjYP3J2JjodlK3C2jVMaj1aXpPV1Xr0G/KpY=",
              "company_url": "https://www.xing.com/companies/go?name=jgpDm2FZ8e9sh5SK9PLGirylpi2MTbDPLexf+uj972U=",
              "jobDuration": "2 Jahre",
              "jobDates": "06/2005 - 05/2007"
            },
            {
              "jobTitle": "vHkwEfJjyLwAw3no2hIssDg/EKNIShL3t1xfDWh/syQ=",
              "company": "CI3eMmgB7r7e+2JlfBIwl3YDDgDbRCJSz49l5N4mDFoA=",
              "company_url": "https://www.xing.com/companies/go?name=Vbg5joBdMqoxwXKwYl/Br3vr9gVYbxeyF+3nLyhvKBE=",
              "jobDuration": "4 Jahr, 10 Monat ",
              "jobDates": "08/2000 - 05/2005"
            }
          ]
        }
      ],
      "languages": [
        {
        }
      ]
    },
    {
      "profile": [
        {
          "sex": "f",
          "memberSince_Hits": "19. Mai 2010 / 1099",
          "currJobDescr": "jtIeMF2z6XGmTzcyfcy/M0/Ydd+BlKMAk2h8S1+ZxvQ=",
          "jobs": [
            {
              "jobTitle": "jtIeMF2z6XGmTzcyfcy/M0/Ydd+BlKMAk2h8S1+ZxvQ=",
              "company": "MW2ZFa6zJ3XZ2deSvgIVWigvXl3CJ5lHlOKPIcPjZXBY=",
              "company_url": "https://www.xing.com/companies/go?name=3HSC3aY4DwxU7TdTyqOWFBw55bWFxskdpS6xAdBdgxQ=",
              "jobDuration": "7 Jahr, 3 Monat ",
              "jobDates": "11/2009 - 01/2017"
            },
            {
              "jobTitle": "NQ4oshaIH0eXcVQCVkXpHa0KLiu5Eqb0dxnbi/s17VY=",
              "company": "TqbFeMywx7GpzzUdMiIiI7tkdIbHEFwZhZblNJ/Qrlws=",
              "company_url": "https://www.xing.com/companies/go?name=aPrC67iiogYNrQ/wpeO9s2xdBmNBJPa/nU18ABGNy+Q=",
              "jobDuration": "8 Jahr, 11 Monat ",
              "jobDates": "03/2008 - 01/2017"
            },
            {
              "jobTitle": "5633dMTDq6GDiX8T3PzAQyCL0cwuFLA3+FmZW9AM5lU=",
              "company": "-7iGgXMH4Udmk0O880dH8PMVDivwTL3EGHyWOjHQr8MU=",
              "company_url": "https://www.xing.com/companies/go?name=5633dMTDq6GDiX8T3PzAQyCL0cwuFLA3+FmZW9AM5lU=",
              "jobDates": "bis heute"
            },
            {
              "jobTitle": "hIe2eA8ao4iujoNkZkquVgE5Flx6mn5Tk4+y0eT24+M=",
              "company": "MW2ZFa6zJ3XZ2deSvgIVWigvXl3CJ5lHlOKPIcPjZXBY=",
              "company_url": "https://www.xing.com/companies/go?name=3HSC3aY4DwxU7TdTyqOWFBw55bWFxskdpS6xAdBdgxQ=",
              "jobDuration": "3 Monat ",
              "jobDates": "08/2009 - 10/2009"
            },
            {
              "jobTitle": "sJ4zGNDr9MDbg6XrtCV84BeUI2i0PSRbC+mjwsTqYaI=",
              "company": "CxVCy25eoJAK5533rJkhMUQsQVL3qdspyBpZfpYXtPDk=",
              "company_url": "https://www.xing.com/companies/go?name=4tcZuQ+YHVj3cYI5++lZftgTxH2/nLJ4fQAHEf/pzuQ=",
              "jobDuration": "10 Monat ",
              "jobDates": "08/2006 - 05/2007"
            },
            {
              "jobTitle": "6qirdtSs5b0jafMJkMK8V7xAKYBMNwNVkr0k6BX/rB0=",
              "company": "SjLeF1pC29kLnsIJ7PdS5H+Ox7vt+Dw2TAZwmPZh8fEw=",
              "company_url": "https://www.xing.com/companies/go?name=gCEKm1ZAi1tjnDqAG/j4C0YEMn+xOMl5F5XU41jUtcY=",
              "jobDuration": "1 Jahr, 9 Monat ",
              "jobDates": "07/2004 - 03/2006"
            },
            {
              "jobTitle": "MU3DxKSYWKbXgMNKT3lwh/IwF0S0chh2uDr2wgPjUFI=",
              "company": "WxaVL/dgYpEGZ3p/UytRKHB+4756iHccnV98Toy/f+gg=",
              "company_url": "https://www.xing.com/companies/go?name=v4tSa9Nzgoa8EL0rzVpCXmxFAYAN5w3A2ZCAE8qfDm0=",
              "jobDuration": "10 Monat ",
              "jobDates": "08/2003 - 05/2004"
            }
          ]
        }
      ],
      "languages": [
        {
        }
      ],
      "awards": [
        {
        }
      ]
    },
    {
      "profile": [
        {
          "sex": "m",
          "memberSince_Hits": "13. Oktober 2015 / 606",
          "currJobDescr": "sDxEQaQbEqQT74XKNfetQtPy6CfxsTUfv/pPBptrhSA=",
          "jobs": [
            {
              "jobTitle": "sDxEQaQbEqQT74XKNfetQtPy6CfxsTUfv/pPBptrhSA=",
              "company": "CGosQWZQ9BxPZGAaK8DvJuLJRDGzhdXRf8VGmqm56+SY=",
              "company_url": "https://www.xing.com/companies/go?name=KTr6whFiqVBDfco4U9Tv38r9oPTDhSmLnh1zrDyWETQ=",
              "jobDuration": "1 Jahr, 3 Monat ",
              "jobDates": "11/2015 - 01/2017"
            },
            {
              "jobTitle": "sDxEQaQbEqQT74XKNfetQtPy6CfxsTUfv/pPBptrhSA=",
              "company": "DxOrx5/SMeHZZD+h5ZmPbMm9skRslwVkx3lo1LO6gNK0=",
              "company_url": "https://www.xing.com/companies/go?name=ovdWleH+sxSwm2oNERt8z3/875Z4ulvF0WOMHppplTU=",
              "jobDuration": "1 Jahr, 3 Monat ",
              "jobDates": "09/2014 - 11/2015"
            },
            {
              "jobTitle": "fxbyAt05bHiPKVkz9jf6BYVcI42JAFQ3wCXLShaygyc=",
              "company": "DB1zitOm570/pksE6eRUVUP1giSTtqt0ebT05T8Umltk=",
              "company_url": "https://www.xing.com/companies/go?name=Q8t7/LgFrydHCrt/iS+W8EzD2x+udkTaat+LEG1PARA=",
              "jobDuration": "3 Monat ",
              "jobDates": "06/2014 - 08/2014"
            },
            {
              "jobTitle": "xVtOYRYqLISdVB/BPDVAtnjibf+/EeJ1mPZm/c5bqnQ=",
              "company": "BpW3UKF1xLePuTA2cPg2fqVXsKmiW1WFYYJ62E9tz6tU=",
              "company_url": "https://www.xing.com/companies/go?name=dASLb72EY7NrMbzA1OLX4M21wKgcMrzqNQf7CWUMdzY=",
              "jobDuration": "2 Jahr, 3 Monat ",
              "jobDates": "04/2011 - 06/2013"
            }
          ]
        }
      ],
      "education": [
        {
          "institution": "/ktvp7pkqhkn/1UWeUNM8xsTxtVTLph45CL21NfK0GA=",
          "url": "https://www.xing.com/search/members?keywords=PBLqeVY5A/ssdGctPnGjfSohSkAsQCfiMG5R5fti7Fc=",
          "degree": "Law, Juris Doctorate",
          "eduDuration": "2013 - 2016"
        },
        {
          "institution": "hiMG4iJrstqDKV5SB/naJGXMXtWjMC9GTGOsIwBJ0Lc=",
          "url": "https://www.xing.com/search/members?keywords=eJhicQqgsNuBudDN604X4LVWeYtqKisTjQlhyANO/sM=",
          "degree": "Political Science, Bachelor of Science",
          "eduDuration": "2006 - 2011"
        }
      ],
      "awards": [
        {
        }
      ]
    },
    {
      "profile": [
        {
          "sex": "m",
          "memberSince_Hits": "9. Januar 2009 / 3599",
          "currJobDescr": "NRBtssF38oVT5Qdsj1zBrSbhNXTQIAXyNwm4F3bdAHw=",
          "jobs": [
            {
              "jobTitle": "NRBtssF38oVT5Qdsj1zBrSbhNXTQIAXyNwm4F3bdAHw=",
              "company": "BKrLFrhZsACXLXF07JDuNye9hw2RKs4B+weCjWFWK0Lk=",
              "company_url": "https://www.xing.com/companies/go?name=ZNiWZgmXQorsLIdE6BXnEe7wI07aJsXqoE2tUq74lNI=",
              "jobDuration": "1 Jahr, 3 Monat ",
              "jobDates": "11/2015 - 01/2017"
            },
            {
              "jobTitle": "cKNTdKBoyipnG/SP/nQwOHYlwqaSEogioFS5nj7/tWo=",
              "company": "LDgymeBPBUT6M8VA2JcVCbSNhz98q1o68Jy9waiXR8hg=",
              "company_url": "https://www.xing.com/companies/go?name=fMymp3eR8NBg1qShm1xGTCxJS2QcYtJXvxDK2NspSQM=",
              "jobDuration": "2 Jahr, 2 Monat ",
              "jobDates": "08/2013 - 09/2015"
            },
            {
              "jobTitle": "BHtQd0n530KE2P1xwY9a/4gG77LtAVE+68SW4Oq6iYQ=",
              "company": "BKrLFrhZsACXLXF07JDuNye9hw2RKs4B+weCjWFWK0Lk=",
              "company_url": "https://www.xing.com/companies/go?name=ZNiWZgmXQorsLIdE6BXnEe7wI07aJsXqoE2tUq74lNI=",
              "jobDuration": "3 Monat ",
              "jobDates": "05/2015 - 07/2015"
            },
            {
              "jobTitle": "BHtQd0n530KE2P1xwY9a/4gG77LtAVE+68SW4Oq6iYQ=",
              "company": "BKrLFrhZsACXLXF07JDuNye9hw2RKs4B+weCjWFWK0Lk=",
              "company_url": "https://www.xing.com/companies/go?name=ZNiWZgmXQorsLIdE6BXnEe7wI07aJsXqoE2tUq74lNI=",
              "jobDuration": "10 Monat ",
              "jobDates": "07/2014 - 04/2015"
            },
            {
              "jobTitle": "cKNTdKBoyipnG/SP/nQwOHYlwqaSEogioFS5nj7/tWo=",
              "company": "SGAECwXEAyZj6W2QRzLRB9SOUgtobTU6P4zZ9uTIh6ag=",
              "company_url": "https://www.xing.com/companies/go?name=JwUgHskOklgi3OioXBslhjHvldtUNGq3UZYXqhHUHJU=",
              "jobDuration": "3 Monat ",
              "jobDates": "04/2014 - 06/2014"
            },
            {
              "jobTitle": "6fpVwGOyAsw8I+pzExoE6OKt87PC3Rvd0KbBB9+6tVw=",
              "company": "GAOiZCG5O+SqrwQjK61oESRxif474/AIgLb8Yk+Fdfu0=",
              "company_url": "https://www.xing.com/companies/go?name=BLWBfeN+tQZRQ+cF/TavTqwd2Q7gwIQbEyUK5fHB0vQ=",
              "jobDuration": "6 Jahr, 8 Monat ",
              "jobDates": "11/2007 - 06/2014"
            },
            {
              "jobTitle": "cKNTdKBoyipnG/SP/nQwOHYlwqaSEogioFS5nj7/tWo=",
              "company": "SR1eFEGew17VEbVhKDAd0NPtAF4N6RX+rT461xQTMXfk=",
              "company_url": "https://www.xing.com/companies/go?name=jWUUzlE+9mCgdHeE9Qv/mFii4GBFmEObYS6XtFzx6kw=",
              "jobDuration": "3 Monat ",
              "jobDates": "01/2014 - 03/2014"
            },
            {
              "jobTitle": "cKNTdKBoyipnG/SP/nQwOHYlwqaSEogioFS5nj7/tWo=",
              "company": "Awv7osl/pTW6vkQQmPAMj9/VhvCNs+XzqvXeUi7Ee/w4=",
              "company_url": "https://www.xing.com/companies/go?name=HezUyChOQ8qrILSxr1R0P2sPsXGFjfliR9SebmIzOLw=",
              "jobDuration": "5 Monat ",
              "jobDates": "08/2013 - 12/2013"
            },
            {
              "jobTitle": "qGBQSoG8SAEfXyZlgyxuc/SSJS6EJvQHJxNmLZRGQAg=",
              "company": "GOsDY8Fy8BDal9eFTk19dBVTxDbjirJW6Dh3IkkhEfKw=",
              "company_url": "https://www.xing.com/companies/go?name=KkOL6Gbn+s6OEEYokroFJAxKOpyFFyR89gD+JSnj6Lg=",
              "jobDuration": "1 Jahr, 6 Monat ",
              "jobDates": "02/2012 - 07/2013"
            },
            {
              "jobTitle": "lLOefl1LsNBE22EdpjhcZJEMVJHUHuPWBS8TDXYJsLw=",
              "company": "Ej25ZeRRogr1f97Tj6QsUL2onq6cq20x7zeECrko4tIs=",
              "company_url": "https://www.xing.com/companies/go?name=EIoF7j9bpQ5NQsj29wxh5t4ZnOsUR41Uhhk5tyvlYcc=",
              "jobDuration": "1 Monat",
              "jobDates": "02/2013 - 02/2013"
            },
            {
              "jobTitle": "lLOefl1LsNBE22EdpjhcZJEMVJHUHuPWBS8TDXYJsLw=",
              "company": "Ej25ZeRRogr1f97Tj6QsUL2onq6cq20x7zeECrko4tIs=",
              "company_url": "https://www.xing.com/companies/go?name=EIoF7j9bpQ5NQsj29wxh5t4ZnOsUR41Uhhk5tyvlYcc=",
              "jobDuration": "1 Monat",
              "jobDates": "02/2012 - 02/2012"
            },
            {
              "jobTitle": "lLOefl1LsNBE22EdpjhcZJEMVJHUHuPWBS8TDXYJsLw=",
              "company": "Ej25ZeRRogr1f97Tj6QsUL2onq6cq20x7zeECrko4tIs=",
              "company_url": "https://www.xing.com/companies/go?name=EIoF7j9bpQ5NQsj29wxh5t4ZnOsUR41Uhhk5tyvlYcc=",
              "jobDuration": "1 Monat",
              "jobDates": "02/2011 - 02/2011"
            },
            {
              "jobTitle": "lLOefl1LsNBE22EdpjhcZJEMVJHUHuPWBS8TDXYJsLw=",
              "company": "Ej25ZeRRogr1f97Tj6QsUL2onq6cq20x7zeECrko4tIs=",
              "company_url": "https://www.xing.com/companies/go?name=EIoF7j9bpQ5NQsj29wxh5t4ZnOsUR41Uhhk5tyvlYcc=",
              "jobDuration": "1 Monat",
              "jobDates": "03/2010 - 03/2010"
            },
            {
              "jobTitle": "XJZwBVKwMiHJGAO7EypuwvmLivqIzX2+f0xPXvCUZ0Y=",
              "company": "SGAECwXEAyZj6W2QRzLRB9SOUgtobTU6P4zZ9uTIh6ag=",
              "company_url": "https://www.xing.com/companies/go?name=JwUgHskOklgi3OioXBslhjHvldtUNGq3UZYXqhHUHJU=",
              "jobDuration": "2 Monat ",
              "jobDates": "09/2008 - 10/2008"
            },
            {
              "jobTitle": "R9buIi380EfqUOAh3135nGJhoDbBKB8aTrGJSk/Ki9I=",
              "company": "Kox3pQHyssUVrNoh+sqmnuE4/HQVM5UzBwZuSt3T5QHE=",
              "company_url": "https://www.xing.com/companies/go?name=hCTzzM+1R/obsTFYme8PA9tLwjb7qc3X0gr/utlMAcI=",
              "jobDuration": "2 Monat ",
              "jobDates": "02/2008 - 03/2008"
            },
            {
              "jobTitle": "4d75KoMgvdFuftOnSBDmtERiNj+Xhu7EtkbMwm+qu9c=",
              "company": "S3a1D3KnvL65S1NWtPy72bZj1ZKnEiPPHqS0OZF/hP2w=",
              "company_url": "https://www.xing.com/companies/go?name=/QLSDhZSH/YEHCCFBy3KpHdHG/hYfw8hCdyr6ASy9j0=",
              "jobDuration": "2 Monat ",
              "jobDates": "08/2006 - 09/2006"
            }
          ]
        }
      ],
      "languages": [
        {
        }
      ],
      "education": [
        {
          "institution": "kHWt+5T2rQnlbPKtMCaCba+2M8K1yT2Rzjsjk6GgBjY=",
          "url": "https://www.xing.com/search/members?keywords=G+QfYza8dMns3lzJBcj3ayYXrjvcrMXW3QRP4uhjLgc=",
          "degree": "Rechtsreferendariat, 2. Staatsexamen",
          "eduDuration": "2013 - 2015"
        },
        {
          "institution": "201mWjkYs4a0Q9X/0keF6/3uwh5CUwkf/DT69ChMjqk=",
          "url": "https://www.xing.com/search/members?keywords=m8kIyEUuFrs1c0Y/NdtGqD6B/Tto5SvkLIfUzw5wx+I=",
          "degree": "Rechtswissenschaften, Promotion",
          "eduDuration": "2011 - 01/2017"
        },
        {
          "institution": "201mWjkYs4a0Q9X/0keF6/3uwh5CUwkf/DT69ChMjqk=",
          "url": "https://www.xing.com/search/members?keywords=m8kIyEUuFrs1c0Y/NdtGqD6B/Tto5SvkLIfUzw5wx+I=",
          "degree": "Rechtswissenschaften, 1. Staatsexamen",
          "eduDuration": "2006 - 2011"
        }
      ]
    },
    {
      "profile": [
        {
          "sex": "f",
          "memberSince_Hits": "10. Mai 2015 / 239",
          "currJobDescr": "8ogNB5h8p3ZeblLDTFaVAarRVgFdkZuo56oi4PzLszI=",
          "jobs": [
            {
              "jobTitle": "8ogNB5h8p3ZeblLDTFaVAarRVgFdkZuo56oi4PzLszI=",
              "company": "I5qHBQPkp/J3FwY8kXayoELeS7HFbuRmMi3HGwzmZTYk=",
              "company_url": "https://www.xing.com/companies/go?name=Sr6ozZ4cxKgmrVDAsaacSuAmfuBpbS2YA4Fg1yhhv9I=",
              "jobDuration": "1 Jahr",
              "jobDates": "02/2016 - 01/2017"
            },
            {
              "jobTitle": "NyFYHKR4yrn1jO13nYYC0zqY6cO5R3K8n1zKb4EWHw0=",
              "company": "c0zGrdfWNlJpI8nroAYVrubqUrRSspI6ELrOkm+CGRf0=",
              "company_url": "https://www.xing.com/companies/go?name=iNYEz7LQxvYWOw+kb1bYGJ6bTbmKt5RXhjD21MwQH6k=",
              "jobDuration": "2 Monat ",
              "jobDates": "01/2016 - 02/2016"
            },
            {
              "jobTitle": "UqV60qaDuznNjtykH75MvmfD1Y2Eroh9Dw/TQ3wa/Fc=",
              "company": "HCiV8oBw8x1tHIfVIDkRCFw/GT0IsAtafvALVJTUxR64=",
              "company_url": "https://www.xing.com/companies/go?name=mrElWbLn2jCZg+h+CJBmnrE0JvDZGnndGXObU/5mlHY=",
              "jobDuration": "1 Jahr, 10 Monat ",
              "jobDates": "04/2014 - 01/2016"
            }
          ]
        }
      ],
      "languages": [
        {
        }
      ],
      "education": [
        {
          "institution": "BwZyQb+dQ4gUIH3bXo/plYaprNNIQwsh02c2w3Nt2FM=",
          "url": "https://www.xing.com/search/members?keywords=rvN42oimAmvJNu4d5K2h+5ATpHSC+QTekh6DEBTnY34=",
          "degree": "Internationale Kommunikation in der Wirtschaft, Matura",
          "eduDuration": "09/2006 - 05/2011"
        }
      ]
    },
    {
      "profile": [
        {
          "sex": "m",
          "memberSince_Hits": "25. März 2016 / 215",
          "currJobDescr": "zXbm+BV0wDe8i4TD0XtaxhvmyPJG5eKLfUe5ElQNpX0=",
          "jobs": [
            {
              "jobTitle": "zXbm+BV0wDe8i4TD0XtaxhvmyPJG5eKLfUe5ElQNpX0=",
              "company": "OOA2uapWSRCAclgYQIbFIvAJcDCKhqln0N5ghIf6A8U0=",
              "company_url": "https://www.xing.com/companies/go?name=liJLr6BCb27UGkrD7usSw/6UaB6zJ5CeuyFaI4p7NrM=",
              "jobDuration": "9 Monat ",
              "jobDates": "05/2016 - 01/2017"
            },
            {
              "jobTitle": "7ogFpkBAPRH8TPDDScubS0dNeovLrkAGzTqKUGjXjqo=",
              "company": "Kw8C3pufdJEnqoZfPZv+gBsjkyBsZFzCVxzdd4y7PFbg=",
              "company_url": "https://www.xing.com/companies/go?name=i5WD1mUT9HFj3Vsb/SV3oD3XtDBWUXsA+qiQshCKbd0=",
              "jobDuration": "3 Monat ",
              "jobDates": "02/2016 - 04/2016"
            },
            {
              "jobTitle": "zXbm+BV0wDe8i4TD0XtaxhvmyPJG5eKLfUe5ElQNpX0=",
              "company": "OOA2uapWSRCAclgYQIbFIvAJcDCKhqln0N5ghIf6A8U0=",
              "company_url": "https://www.xing.com/companies/go?name=liJLr6BCb27UGkrD7usSw/6UaB6zJ5CeuyFaI4p7NrM=",
              "jobDuration": "2 Monat ",
              "jobDates": "12/2015 - 01/2016"
            },
            {
              "jobTitle": "WAiZOEQP7NwRVzZoROvhC1jHP0T2R7cJhXcEOnRXQZA=",
              "company": "FE0Hq/ofizs4Ju5lgakz084hNISSzhTDRcktShi2Po2s=",
              "company_url": "https://www.xing.com/companies/go?name=P9rm6IZuVeTDLnX3kuVlwbSAqrOTjTNTldzqgdh8ons=",
              "jobDuration": "3 Monat ",
              "jobDates": "07/2015 - 09/2015"
            },
            {
              "jobTitle": "YOZmbMPbigAIfkvXMouek88yLYxXaDUJ+uaKjRfd8pk=",
              "company": "KhgRkDux8S2c6a3DuTNhe8aq3x5qoFzjhwOwHdMVoj1I=",
              "company_url": "https://www.xing.com/companies/go?name=VaZN+evEtUoh4IOBl1fkx+F5pkslfWSsYrVkwah2zu0=",
              "jobDuration": "1 Monat",
              "jobDates": "08/2011 - 08/2011"
            }
          ]
        }
      ],
      "languages": [
        {
        }
      ],
      "education": [
        {
          "institution": "Lvs3+7lp5muTUe8WuNWWH5z87ij2qyZl5RSA2OpCuks=",
          "url": "https://www.xing.com/search/members?keywords=jICPtXQUFNwWFGpAIIBaDQHMnBL54ftR9Ac6mVHybLA=",
          "degree": "Wirtschaftswissenschaften, Bachelor of Science",
          "eduDuration": "10/2011 - 09/2015"
        },
        {
          "institution": "74r0VohO6yQCsc3/tAyaqMhQBIXrgY4zfIUsUOGAhlQ=",
          "url": "https://www.xing.com/search/members?keywords=udUuJk4GwX4gBwkLjX2+49Nj7jhHbXTQYYbynhIQ3/U=",
          "degree": "Wirtschaft, Allgemeine Hochschulreife",
          "eduDuration": "08/2008 - 05/2011"
        }
      ]
    },
    {
      "profile": [
        {
          "sex": "m",
          "memberSince_Hits": "8. September 2008 / 955",
          "currJobDescr": "1XwStdHH/xgRj/CC6IiIBUgW8I0T+tMMf9iazCza6LQ=",
          "jobs": [
            {
              "jobTitle": "1XwStdHH/xgRj/CC6IiIBUgW8I0T+tMMf9iazCza6LQ=",
              "company": "CDqovOwa77Y9Jb5vF4k54vssrxKYpZUgTwqreq6px6Xc=",
              "company_url": "https://www.xing.com/companies/go?name=4NVfVpKJepLA+qzzme2bd+f7ZuejJ5E1Yj7XJunL6W0=",
              "jobDuration": "10 Jahr, 8 Monat ",
              "jobDates": "06/2006 - 01/2017"
            },
            {
              "jobTitle": "Y+Tua6v43rAkCR8e8ZXKfKAFnIeJSfDOvQhg5687OQg=",
              "company": "MsjR7ltWYqeEl9Vz8qKV2PnDKI7plSDnV5KfuleVyIvM=",
              "company_url": "https://www.xing.com/companies/go?name=h3p1nihQpDD8CEt/XRYWMV+CtozqF3KXaYwVmQkuJXc=",
              "jobDuration": "1 Jahr, 4 Monat ",
              "jobDates": "05/1979 - 08/1980"
            }
          ]
        }
      ],
      "languages": [
        {
        }
      ],
      "education": [
        {
          "institution": "przcVRMytiK2YQyHG79BCxmLoLJXzJ8cujUuICfD2F0=",
          "url": "https://www.xing.com/search/members?keywords=nI60lV3gStiynL+TtyI2UvLM197d/lNe/3l5ZyFReKQ=",
          "degree": "automotive, college",
          "eduDuration": "03/1975 - 06/1980"
        }
      ]
    },
    {
      "profile": [
        {
          "sex": "m",
          "memberSince_Hits": "22. Oktober 2016 / 33",
          "currJobDescr": "LAszRa89heob+BH5UiTuv386wtQxlz8QOXtpRKWfnrM=",
          "jobs": [
            {
              "jobTitle": "LAszRa89heob+BH5UiTuv386wtQxlz8QOXtpRKWfnrM=",
              "company": "KT2DB1ANT0FHpC2A25wqIxicjp1c0utBr7I1P6gY+i0U=",
              "company_url": "https://www.xing.com/companies/go?name=2FtgV78c+wxH19vFfHIh+YZas5QqcVKFNtQzhvg7amI=",
              "jobDuration": "4 Monat ",
              "jobDates": "10/2016 - 01/2017"
            },
            {
              "jobTitle": "KjiddlhNxPsGRD9XlKmgtjHORjkabLh5go1K1vUQjFc=",
              "company": "lr2U4lVMrWBKPYsnaj0b/rFqciqPO2Tsbp+EkwyLWTa8=",
              "company_url": "https://www.xing.com/companies/go?name=yDjhsu8MgiB4+REwJ5QzMXDuRpbvJDiZCK0TNfeNJyc=",
              "jobDuration": "2 Monat ",
              "jobDates": "07/2012 - 08/2012"
            },
            {
              "jobTitle": "KjiddlhNxPsGRD9XlKmgtjHORjkabLh5go1K1vUQjFc=",
              "company": "AyaTtGqYnk8pGBrsIDU8p3imgaaYOUsfwgtkLxKv0OwU=",
              "company_url": "https://www.xing.com/companies/go?name=dtE46mmDQRg8UCvSspTRYs2wmKTmgQHeHyc5AOgIUoQ=",
              "jobDuration": "2 Monat ",
              "jobDates": "03/2012 - 04/2012"
            },
            {
              "jobTitle": "KjiddlhNxPsGRD9XlKmgtjHORjkabLh5go1K1vUQjFc=",
              "company": "LaMsyeGbwrq6a9CoMXld1ZYzBSFtvMkPEUPpnT/VXZLA=",
              "company_url": "https://www.xing.com/companies/go?name=n/DxuwQrrzX66IUeVUbEGFho8Ek4sJqae5BJbIIvXKs=",
              "jobDuration": "2 Monat ",
              "jobDates": "07/2011 - 08/2011"
            }
          ]
        }
      ],
      "languages": [
        {
        }
      ],
      "education": [
        {
          "institution": "+AnUXQsUTQcYamfbSyiMAYjrWdRdM0SlJRRDXlmo4ec=",
          "url": "https://www.xing.com/search/members?keywords=D0hlisc73PS2ZZZBnTOw1v9hWLCMEHhA57rOdrFStXw=",
          "degree": "Law, LL.M.",
          "eduDuration": "09/2015 - 08/2016"
        },
        {
          "institution": "+AnUXQsUTQcYamfbSyiMAYjrWdRdM0SlJRRDXlmo4ec=",
          "url": "https://www.xing.com/search/members?keywords=D0hlisc73PS2ZZZBnTOw1v9hWLCMEHhA57rOdrFStXw=",
          "degree": "Law, Exchange Student",
          "eduDuration": "09/2012 - 01/2013"
        },
        {
          "institution": "65FeOt0hF70/oACauY4fT/d9KSxvUbCSwxDvR1xVSzA=",
          "url": "https://www.xing.com/search/members?keywords=rrkpAYJZTneSswG5urMvXPj5cF4HKHkTfPbaMNzmLYY=",
          "degree": "Law, LL.B.",
          "eduDuration": "09/2010 - 08/2015"
        }
      ]
    },
    {
      "profile": [
        {
          "sex": "f",
          "memberSince_Hits": "18. Mai 2015 / 206",
          "currJobDescr": "sDxEQaQbEqQT74XKNfetQtPy6CfxsTUfv/pPBptrhSA=",
          "jobs": [
            {
              "jobTitle": "sDxEQaQbEqQT74XKNfetQtPy6CfxsTUfv/pPBptrhSA=",
              "company": "Wxw2Q+bgaX+eG8ZmQkpOp4aA33YCVxNbelX3cWm/xzuI=",
              "company_url": "https://www.xing.com/companies/go?name=LVezwhUsa/X6PAHlYFN9Kc67u6+hB1pANBPa4Cn0l5Q=",
              "jobDuration": "1 Jahr, 5 Monat ",
              "jobDates": "09/2015 - 01/2017"
            },
            {
              "jobTitle": "hPcpx1AuoP0F0ZbZT5gAion7DYO09c4nF9kxGfFmEQ0=",
              "company": "Va+hYj6uoe4MYnhtBTMLCaKg6K3qBZAdd+Txl1FzHPZw=",
              "company_url": "https://www.xing.com/companies/go?name=NQ6fyd2Fn14yfwUwyYmCG3jQIqGvvGIMMhscfm68T3g=",
              "jobDuration": "5 Jahr, 5 Monat ",
              "jobDates": "04/2010 - 08/2015"
            }
          ]
        }
      ],
      "languages": [
        {
        }
      ],
      "education": [
        {
          "institution": "eoNZ5Cs3HF1wuFVQR+3rIL30CcbS2IQsMIEi18PN10Q=",
          "url": "https://www.xing.com/search/members?keywords=CH48NXnR3vYbUilKC44udarb55AtHoWygyjBo+HPH2M=",
          "degree": "Dolmetschen und Übersetzen an Gerichten und Behörden",
          "eduDuration": "11/2016 - 11/2017"
        },
        {
          "institution": "eoNZ5Cs3HF1wuFVQR+3rIL30CcbS2IQsMIEi18PN10Q=",
          "url": "https://www.xing.com/search/members?keywords=CH48NXnR3vYbUilKC44udarb55AtHoWygyjBo+HPH2M=",
          "degree": "Magister für Jurist/inn/en mit ausländischem Abschluss, LL.M.",
          "eduDuration": "10/2016 - 07/2017"
        },
        {
          "institution": "RckWISzfRPqy+7VtXUJD0qz0N4N2vkEN44kWY1Af6ig=",
          "url": "https://www.xing.com/search/members?keywords=ynkiY2mRJ3+T4IgwiDx7pX8wCGEjYECDlLWRkykk2Zs=",
          "degree": "Rechtswissenschaft, LL.M.",
          "eduDuration": "09/2004 - 08/2009"
        }
      ]
    },
    {
      "profile": [
        {
          "sex": "f",
          "memberSince_Hits": "22. Oktober 2016 / 33",
          "currJobDescr": "skFwsZR9IIcHsMLEHD2ijOfkdvXgwUDM+QeYX6kEt3c=",
          "jobs": [
            {
              "jobTitle": "skFwsZR9IIcHsMLEHD2ijOfkdvXgwUDM+QeYX6kEt3c=",
              "company": "DtCuTtHPksJpOpuY/SL7O4HbyJPtdKMZb3ZxgVZQND3E=",
              "company_url": "https://www.xing.com/companies/go?name=tEYzw7KCkEKZa+L7ZADrOxDmw2PeF9l/DJkMEOzE5/w=",
              "jobDates": "bis heute"
            },
            {
              "jobTitle": "kf5vLEn2TWFITM8Zillta1wk5ByhrXW5u15OKavBDiY=",
              "company": "D2R10/yvVRs4erYUIsAxiyNsCfs2KR4m8i2E9TxnRmf0=",
              "company_url": "https://www.xing.com/companies/go?name=oi8U1Gv4nvnvtz2SJIFT4p6A/G+34IJYEF9/5pFt+IU=",
              "jobDuration": "10 Monat ",
              "jobDates": "04/2016 - 01/2017"
            },
            {
              "jobTitle": "kf5vLEn2TWFITM8Zillta1wk5ByhrXW5u15OKavBDiY=",
              "company": "VawSHMFcrdEtqsfkTqCoPH5sq944jzo5fZA0ljBKwapc=",
              "company_url": "https://www.xing.com/companies/go?name=6czEX1cin6Q7iQTFJ+fi/FdNMesS+nq7C1QQXukljeE=",
              "jobDuration": "2 Monat ",
              "jobDates": "02/2014 - 03/2014"
            },
            {
              "jobTitle": "kf5vLEn2TWFITM8Zillta1wk5ByhrXW5u15OKavBDiY=",
              "company": "M5AQHpXdeTi6AC8UZyUJJzthFhPSWGUJDd36SKtanGP8=",
              "company_url": "https://www.xing.com/companies/go?name=/pwjmjntlA7UKHfY+mYzmapiOKID5QzgTbbYCrekH8E=",
              "jobDuration": "2 Monat ",
              "jobDates": "01/2014 - 02/2014"
            },
            {
              "jobTitle": "kf5vLEn2TWFITM8Zillta1wk5ByhrXW5u15OKavBDiY=",
              "company": "DtCuTtHPksJpOpuY/SL7O4HbyJPtdKMZb3ZxgVZQND3E=",
              "company_url": "https://www.xing.com/companies/go?name=tEYzw7KCkEKZa+L7ZADrOxDmw2PeF9l/DJkMEOzE5/w=",
              "jobDuration": "3 Monat ",
              "jobDates": "08/2011 - 10/2011"
            },
            {
              "jobTitle": "kf5vLEn2TWFITM8Zillta1wk5ByhrXW5u15OKavBDiY=",
              "company": "CUhj86eLynGfTXO97RzR3eUVBC3w3QSDYc4RQnNsD+5U=",
              "company_url": "https://www.xing.com/companies/go?name=ukPfpCOxLbJYxUrB4h48l+vtQYVCPtPMtqopeEZe360=",
              "jobDuration": "2 Monat ",
              "jobDates": "08/2010 - 09/2010"
            }
          ]
        }
      ],
      "languages": [
        {
        }
      ],
      "education": [
        {
          "institution": "UFLEE2xbkJUzKVau8Zya/BiEIkB8kBc5x45iluZz6Yk=",
          "url": "https://www.xing.com/search/members?keywords=ZM2hIZw1oY6OdU9pqoZJyRDrozrAeDv2qcFvqfmhzkc=",
          "degree": "Rechtswissenschaften",
          "eduDuration": "2010 - 2015"
        }
      ]
    },
    {
      "profile": [
        {
          "sex": "m",
          "memberSince_Hits": "16. September 2006 / 4061",
          "currJobDescr": "sDxEQaQbEqQT74XKNfetQtPy6CfxsTUfv/pPBptrhSA=",
          "jobs": [
            {
              "jobTitle": "sDxEQaQbEqQT74XKNfetQtPy6CfxsTUfv/pPBptrhSA=",
              "company": "Ml7FXQQyZFknqSjfnGWgu9/cHOs2Ka+nB9W0jsWC+vqE=",
              "company_url": "https://www.xing.com/companies/go?name=Msvj0UAofCUQaK/cudo1sjJohsRJ4wfiYXBjTmcpCsw=",
              "jobDuration": "2 Jahr, 4 Monat ",
              "jobDates": "10/2014 - 01/2017"
            },
            {
              "jobTitle": "pHejfLLQrOlCiz1ydNpfKB8Grgi2D5qbH8+CuUZfYnk=",
              "company": "GXaAp7N7MqwFIpzDwq9azIMTsTVEotjZiWDCq98F+U3A=",
              "company_url": "https://www.xing.com/companies/go?name=sedeEW1u/BNn4irQFLfZbkw7mSnMcjy9Z9y4FIO7QP8=",
              "jobDuration": "1 Jahr, 10 Monat ",
              "jobDates": "08/2012 - 05/2014"
            },
            {
              "jobTitle": "dG6w+s4uytmMqc1WVzODCfSgC/6MFNyjGWWYLcfu8rY=",
              "company": "T6r4MCn32B5AhSrbQX+gtBrVnkRd3tz79BCjAjJtd9TU=",
              "company_url": "https://www.xing.com/companies/go?name=2X1bshbxEEYfzHikaeLXQ7KgMmF1DZfRM1IBMjcXkYc=",
              "jobDuration": "1 Jahr, 8 Monat ",
              "jobDates": "08/2012 - 03/2014"
            },
            {
              "jobTitle": "oehzeJVaxyKgVBheKDxRcF7fP7i9ChtOLRriz4Axhuk=",
              "company": "SpEYWDRM+fPd0sLspKSgtIJxwsmPKAHgXZPgvYjt7yMs=",
              "company_url": "https://www.xing.com/companies/go?name=83Ne85rcrVaYBldcUPcrT8tbXtlyxexk2q4CpynVNXM=",
              "jobDuration": "8 Monat ",
              "jobDates": "04/2013 - 11/2013"
            },
            {
              "jobTitle": "Zrc5TnNBWNcl+C06+dBC8DS/OcJXXzoWVU1iKLWPABA=",
              "company": "Ml7FXQQyZFknqSjfnGWgu9/cHOs2Ka+nB9W0jsWC+vqE=",
              "company_url": "https://www.xing.com/companies/go?name=Msvj0UAofCUQaK/cudo1sjJohsRJ4wfiYXBjTmcpCsw=",
              "jobDuration": "3 Monat ",
              "jobDates": "05/2013 - 07/2013"
            },
            {
              "jobTitle": "YOZmbMPbigAIfkvXMouek88yLYxXaDUJ+uaKjRfd8pk=",
              "company": "U1OIAzp+x6NXOCv0zl6t38SFg20fXEIOfQG9a23o9my4=",
              "company_url": "https://www.xing.com/companies/go?name=5/51TimpLrBg1z/2pk56YjXFx/3c3qz7BLXiQaoX9Pk=",
              "jobDuration": "4 Monat ",
              "jobDates": "01/2013 - 04/2013"
            },
            {
              "jobTitle": "YOZmbMPbigAIfkvXMouek88yLYxXaDUJ+uaKjRfd8pk=",
              "company": "ABWdNm+Wq71jQntSlOJqSEwrX0LPS/h1AI7RxIjNBvrw=",
              "company_url": "https://www.xing.com/companies/go?name=U0i+GGTfiqz5Rz086AflFf/WjuqPUWquNHJiLlhBHUw=",
              "jobDuration": "4 Monat ",
              "jobDates": "01/2013 - 04/2013"
            },
            {
              "jobTitle": "3fOYrhIT5BhAbJcpVdkwrT5h7z7TeOLXOdZewXI6+7o=",
              "company": "RLdWY86C5vh9n+Nez0VnRSrfDaVvSZ8d7exglHQKZuy4=",
              "company_url": "https://www.xing.com/companies/go?name=kMXi9y00Mbo62IIAdx0FHl18HkJ14umv9otI0D71jlo=",
              "jobDuration": "9 Jahr, 2 Monat ",
              "jobDates": "11/2003 - 12/2012"
            },
            {
              "jobTitle": "YOZmbMPbigAIfkvXMouek88yLYxXaDUJ+uaKjRfd8pk=",
              "company": "U5sGAWms7rfCoZpmU/fRXanYUsSO8Ktcnv6QSuH82JMo=",
              "company_url": "https://www.xing.com/companies/go?name=2ndDl2Z8Q6e8o2Gg2WkUFwK6TM/x6XtQ4n2ij8Z5Z4w=",
              "jobDuration": "3 Monat ",
              "jobDates": "06/2012 - 08/2012"
            },
            {
              "jobTitle": "cYXafVDc9obt4z+gUybfES5abh4n/EBQdr3VOD/qMYY=",
              "company": "OSJeORZfEk0BnLg695ZsblLmKXlTiCmXqYOyNUm/3HjA=",
              "company_url": "https://www.xing.com/companies/go?name=d4KfXuOTr2JO0wgyM6MOJxI0VcnhwAowIL2U7vw71pM=",
              "jobDuration": "3 Jahr, 11 Monat ",
              "jobDates": "08/2007 - 06/2011"
            },
            {
              "jobTitle": "/aem9G8GPeaarUyTKQGfAdDlFmqnkTBSzVuCOycDahQ=",
              "company": "EqVY3btNoaST87zTzx82Rxapb3lDcZj/I8RpXApsW3Ho=",
              "company_url": "https://www.xing.com/companies/go?name=ZvEKkuLt2eUlVC/HorJRziokZsVj+LjtMVkOrfZDj5Y=",
              "jobDuration": "8 Monat ",
              "jobDates": "01/2007 - 08/2007"
            },
            {
              "jobTitle": "4/xQfuzzyWggZESXtUafj17m23AGhjpCz6B/pv4a97E=",
              "company": "Sy64aQ1XuCEKfBIS5LcNN/l7cIhgTr8jb5EpT6GSQinU=",
              "company_url": "https://www.xing.com/companies/go?name=ybhMMTQ6ksUQvZ2PLXbMAZFbFYsz9nE/WYDwoQykiXg=",
              "jobDuration": "1 Jahr",
              "jobDates": "09/2006 - 08/2007"
            },
            {
              "jobTitle": "4/xQfuzzyWggZESXtUafj17m23AGhjpCz6B/pv4a97E=",
              "company": "IStm+GRpFz573nC4dzsuJGMpJ2HBvqo3JfqHhMP3cBjI=",
              "company_url": "https://www.xing.com/companies/go?name=SYChe76noeKGPOoijxWYfzSEUwwqNmEhsXa5rSwpy7c=",
              "jobDuration": "1 Jahr",
              "jobDates": "09/2006 - 08/2007"
            },
            {
              "jobTitle": "9riSYthNC818bje3kXMRGBehXQl0Fz5fghRwXeZGuFk=",
              "company": "SzXJ/KEvREXOIYA1vlcKYnuoeBX4G6Ev8X7MqOckQmFI=",
              "company_url": "https://www.xing.com/companies/go?name=joN0qABHW9EDr/2oRROvYGdUQLvHaj7jJD9PtSY2hz0=",
              "jobDuration": "1 Jahr",
              "jobDates": "09/2006 - 08/2007"
            },
            {
              "jobTitle": "dp2OotBokEURSZSxsMFoEufgjz3YAA1AWF10fF0gYoc=",
              "company": "OMEb2/cb3lnVhzmFNhhecX1tL+FVquF+oSG0g+C3n9x4=",
              "company_url": "https://www.xing.com/companies/go?name=dIHVqE4NtqbrCyZ/dw8F0hW28JThmm4gIt4G0eqHLPo=",
              "jobDuration": "2 Jahr, 2 Monat ",
              "jobDates": "06/2003 - 07/2005"
            },
            {
              "jobTitle": "ZlPtW0le/gnmDhv+Zzsg0ZvjwWz1nXoHLGCiU+Dl9tk=",
              "company": "HS01vDBqkeSp2znGrx4nMZR3T7GpBuZyVl9T/5UutFHo=",
              "company_url": "https://www.xing.com/companies/go?name=ppidfyvpYTEILNgcpiksTyhGruuqUQq2EvDgQEfxTi8=",
              "jobDuration": "9 Monat ",
              "jobDates": "10/2002 - 06/2003"
            },
            {
              "jobTitle": "5ih6SI2+Co4AlQOFwYelN6HJ/HizvqRvfsCrjbbksYo=",
              "company": "HA4P4VE5ZeiquMBT4qEW6nZujb6rChwQDSWvD95T+jvY=",
              "company_url": "https://www.xing.com/companies/go?name=HbG/tf5dlwonMLbdt/ce67ipus4uFrN2euWqnYtPtNs="
            }
          ]
        }
      ],
      "languages": [
        {
        }
      ],
      "education": [
        {
          "institution": "ZCnBX26Nvb/FaYahq4aGwReRO/VGQ1SNlOfAEG+t/z8=",
          "url": "https://www.xing.com/search/members?keywords=Pw3060QaMobDcT0PHiniTZ8pKgY56Visoiy+KtBJZiI=",
          "degree": "Jura - Law, JD",
          "eduDuration": "08/2011 - 05/2014"
        },
        {
          "institution": "MEb2/cb3lnVhzmFNhhecX1tL+FVquF+oSG0g+C3n9x4=",
          "url": "https://www.xing.com/search/members?keywords=uOL5C8qKdr3uCKhh06HTWbC69rHSWsGB7x2staXyW/s=",
          "degree": "Applied Linguistics and Language Pedagogy, MA",
          "eduDuration": "09/2004 - 06/2008"
        },
        {
          "institution": "MEb2/cb3lnVhzmFNhhecX1tL+FVquF+oSG0g+C3n9x4=",
          "url": "https://www.xing.com/search/members?keywords=uOL5C8qKdr3uCKhh06HTWbC69rHSWsGB7x2staXyW/s=",
          "degree": "German",
          "eduDuration": "09/1996 - 06/2001"
        },
        {
          "institution": "fD4suYVQJbXKTSxPtN59dnjsSgbuo934wOuewthDgMI=",
          "url": "https://www.xing.com/search/members?keywords=nQVzaQLPtqhJ3WmIf5Rf5lbFppcKV2hembTSSERagHY=",
          "degree": "History, BA",
          "eduDuration": "09/1996 - 06/2001"
        },
        {
          "institution": "0Zq7suQ7LScwvBH41DYr0leDbk2abjwuNOYmMTHAlnU=",
          "url": "https://www.xing.com/search/members?keywords=EnqHcdw3+fA3oUtDeM5ClLeEOoWd3lu+bOEo3749SsQ="
        }
      ],
      "awards": [
        {
        }
      ]
    },
    {
      "profile": [
        {
          "sex": "m",
          "memberSince_Hits": "13. November 2011 / 500",
          "currJobDescr": "i6U5uSMMkIeNFodLuqpm0Awu6leWLbS7fHPFUUIlClE=",
          "jobs": [
            {
              "jobTitle": "i6U5uSMMkIeNFodLuqpm0Awu6leWLbS7fHPFUUIlClE=",
              "company": "FHkV8L2UGIKtOj5UcF0sEwf8Z3zz/RgLoueZ0Gcpvu8o=",
              "company_url": "https://www.xing.com/companies/go?name=HdVILBuf/xv9fQ8EwGqPwQqKvUTwbMPPGy96frjSsaA=",
              "jobDuration": "1 Jahr, 4 Monat ",
              "jobDates": "10/2015 - 01/2017"
            },
            {
              "jobTitle": "i6gsFrmlqdMNoedrqaHof98uU4yt+Tzijn+8c0cgfXU=",
              "company": "LghYr5Lv9wvo1YJI8mL9ic4mUBlKUSx+dgHeVKW5nYWA=",
              "company_url": "https://www.xing.com/companies/go?name=3V8ziF2BEeB8VB7b5jHlvcAhGD3YHkqs+21JsE3mGSI=",
              "jobDuration": "3 Monat ",
              "jobDates": "01/2012 - 03/2012"
            },
            {
              "jobTitle": "trgqtFjKPi6lI21hHd0K2Mc9F341YskShOOe08MQ9s8=",
              "company": "AgfEfLB0YbD0L/FISl387OVEeD9B9FbqwOO92S8M8RgE=",
              "company_url": "https://www.xing.com/companies/go?name=xW9jZON+f82hWx4TERhVZT48RXC5VzY64BpWVqRMjVI=",
              "jobDuration": "2 Jahr, 11 Monat ",
              "jobDates": "05/2009 - 03/2012"
            },
            {
              "jobTitle": "ygFNWANRsSjKujFtMkgS8AqqBDsRbHnPptrqbQSZ5k0=",
              "company": "IHPDLFc13ZeT9mvbo+5FH9qYDbBMd+w8NY2yFMi1UAfg=",
              "company_url": "https://www.xing.com/companies/go?name=D/952Uw0REEusWEYYSMEWkpuI9PHqBx1uaQdLUk2XPE=",
              "jobDuration": "1 Jahr, 4 Monat ",
              "jobDates": "09/2010 - 12/2011"
            },
            {
              "jobTitle": "3/fNdl2cyIIag8K57UiSl4toueld2wukv6ogx3STnGM=",
              "company": "AITDvV/+5eCXMJhpNTeYuziCGhhU6I6MfvimWzlWBWeE=",
              "company_url": "https://www.xing.com/companies/go?name=G7MOO2Y3X7pjR88sidgJpuO9pOplAmW06ttjjgKMzcc=",
              "jobDuration": "6 Jahr, 1 Monat",
              "jobDates": "02/2002 - 02/2008"
            },
            {
              "jobTitle": "TI2ej4nHz8LAYP4CdU6ByQeekvgqE1M2fScDbELIF5M=",
              "company": "AITDvV/+5eCXMJhpNTeYuziCGhhU6I6MfvimWzlWBWeE=",
              "company_url": "https://www.xing.com/companies/go?name=G7MOO2Y3X7pjR88sidgJpuO9pOplAmW06ttjjgKMzcc=",
              "jobDuration": "1 Jahr, 5 Monat ",
              "jobDates": "12/2004 - 04/2006"
            }
          ]
        }
      ],
      "languages": [
        {
        }
      ],
      "education": [
        {
          "institution": "dYzufT+7VYPbpouZ0lfONhIoYTAcbbcZRcMkybY0llA=",
          "url": "https://www.xing.com/search/members?keywords=Gyc0Vj9yH4ZcAqxFHmtVkBygYciH0QxtUJKbbIqIU4Q=",
          "degree": "International Economics, Master Degree",
          "eduDuration": "04/2012 - 06/2015"
        },
        {
          "institution": "EdBkZUSXjrGR656Q1r7uLYT6in9aCgipvjr04uH5i4c=",
          "url": "https://www.xing.com/search/members?keywords=c8FxY8mKVO7EtPMMsOmPRaZYaKD9+cHntljE35cxAcU=",
          "degree": "Accounting, Bachelor of Science in Accounting",
          "eduDuration": "01/2003 - 01/2009"
        }
      ],
      "awards": [
        {
        }
      ]
    },
    {
      "profile": [
        {
          "sex": "f",
          "memberSince_Hits": "26. Januar 2016 / 260",
          "currJobDescr": "JFim5ffJgOpqe1l5abNJYCnPNfEvdggnXcLgfHlVxU0=",
          "jobs": [
            {
              "jobTitle": "JFim5ffJgOpqe1l5abNJYCnPNfEvdggnXcLgfHlVxU0=",
              "company": "EFTAmVM5/s0HwHtqqdgCfGwAKxl9ibZSizM1bWmb39E0=",
              "company_url": "https://www.xing.com/companies/go?name=5CzlfnE4PlXQSaEYCvhlUAOvfmc7X+XrJKQfoKV8q2Q=",
              "jobDuration": "11 Monat ",
              "jobDates": "03/2016 - 01/2017"
            },
            {
              "jobTitle": "9UMJo1Ns7b7qHAKVSHqdQ9pHsyRP4N2V4kquRR01Z3U=",
              "company": "BRdvtQ7epe5YEJdRTmJXxgJBV2GmPO98uCV5TXKgUDSo=",
              "company_url": "https://www.xing.com/companies/go?name=TuXAsDxSoioZ0M+EfLeDrTLUmWdObzHWYP9YQeaAG1o=",
              "jobDuration": "7 Jahr, 4 Monat ",
              "jobDates": "11/2008 - 02/2016"
            },
            {
              "jobTitle": "DJAIC2aZc7fGa7wvaeoi7nUZusfhk2L9OiFQr9V6FBI=",
              "company": "Kfbh+6cMiWQFGday5crYGpyBwqxtvOkMsaZwvj5pJHmI=",
              "company_url": "https://www.xing.com/companies/go?name=nAyENIjiEWJM8bt4v8by2gyRVBEkv3sGGT8Bv9jIaWo=",
              "jobDuration": "6 Monat ",
              "jobDates": "05/2008 - 10/2008"
            },
            {
              "jobTitle": "BtBzx/gEcf/cooNa5gwCaJI+w+1C0aJ0R2gZfYDEEzQ=",
              "company": "WfQXaBCFyYQuq7D6Y6rxJLqLL1fvOCRreN3LQlpsxrfo=",
              "company_url": "https://www.xing.com/companies/go?name=0ZAswqdFOT64xxr9KcwhZnTXpZFhSTn15Hcj9IFmuGQ=",
              "jobDuration": "3 Monat ",
              "jobDates": "05/2007 - 07/2007"
            }
          ]
        }
      ],
      "languages": [
        {
        }
      ],
      "education": [
        {
          "institution": "kaV5DBgNdYDIog8bQPOEnxM9lpoDSByo/gPQdHFL07c=",
          "url": "https://www.xing.com/search/members?keywords=QimHyfF9k0E5nhWPL3cRp4FOHloJ33DqM+V1ZVSqcNU=",
          "degree": "Wirtschaftswissenschaft",
          "eduDuration": "10/2002 - 03/2008"
        }
      ]
    },
    {
      "profile": [
        {
          "sex": "m",
          "memberSince_Hits": "5. Februar 2015 / 354",
          "currJobDescr": "sDxEQaQbEqQT74XKNfetQtPy6CfxsTUfv/pPBptrhSA=",
          "jobs": [
            {
              "jobTitle": "sDxEQaQbEqQT74XKNfetQtPy6CfxsTUfv/pPBptrhSA=",
              "company": "H/1S6CWof7+/IEnIZ0hCTPO8DWvpq++xJcQ2YJ60hSIc=",
              "company_url": "https://www.xing.com/companies/go?name=Sbo3BJXddrEgd8fvTiYGU7CzNdlAKhSyEJ9cWZthQ+k=",
              "jobDuration": "1 Jahr, 10 Monat ",
              "jobDates": "04/2015 - 01/2017"
            }
          ]
        }
      ],
      "languages": [
        {
        }
      ],
      "education": [
        {
          "institution": "nJrPEQEbKyRepBeJJRA8NHtBK/gJo+HlpxjKJf272q0=",
          "url": "https://www.xing.com/search/members?keywords=RlhKzkaht7h8FBtpp4tz+pgJMKueOFkfeAl+B5Cncg0=",
          "degree": "Law, Master of Laws (Coursework)",
          "eduDuration": "07/2013 - 08/2014"
        },
        {
          "institution": "iQhwchEIM7tNNZpxUogIr2iecy4hV42KXdSoYLeTaeo=",
          "url": "https://www.xing.com/search/members?keywords=okOxmuitT1J4jbbr0DbD2z9n1lTpfV5ihqc1YB4J9WI=",
          "degree": "Law, Jurist (Univ.) / First Law Examination",
          "eduDuration": "04/2008 - 07/2013"
        },
        {
          "institution": "dYzufT+7VYPbpouZ0lfONhIoYTAcbbcZRcMkybY0llA=",
          "url": "https://www.xing.com/search/members?keywords=Gyc0Vj9yH4ZcAqxFHmtVkBygYciH0QxtUJKbbIqIU4Q=",
          "degree": "Law, Jurist (Univ.) / First Law Examination",
          "eduDuration": "04/2007 - 03/2008"
        },
        {
          "institution": "5kO2Jlhn6NeTF4Yc+MhQXt6raSdbiEW8kFp+qr+n9r8=",
          "url": "https://www.xing.com/search/members?keywords=/d46U2Ox2FXjYEulJxysrNgR6KPlpm8emZJh3yLva/Q=",
          "degree": "Sportwissenschaft/ Wirtschaft/ Recht; Sport Science/ Economics/ Law, Magister; Master of Arts (ohne Abschluss; Without Graduation)",
          "eduDuration": "10/2005 - 03/2007"
        }
      ]
    },
    {
      "profile": [
        {
          "sex": "f",
          "memberSince_Hits": "24. April 2009 / 3519",
          "currJobDescr": "ugKjfUmAVdYGjNRa3TkLMpSwAlPfp8a24//466hqXas=",
          "jobs": [
            {
              "jobTitle": "ugKjfUmAVdYGjNRa3TkLMpSwAlPfp8a24//466hqXas=",
              "company": "aJiS5HYthvo/qGOVLIpvlT4vznrTpGoBKSHhVoWeovko=",
              "company_url": "https://www.xing.com/companies/go?name=HNqRflduKrtLxy3bFG6YyelpkGav6WZbAMyJJwUGtVY=",
              "jobDuration": "9 Monat ",
              "jobDates": "05/2016 - 01/2017"
            },
            {
              "jobTitle": "KCrLaFJw8D9HTLxDhMrmYapSmJBhH+bbHfHou0bo/7c=",
              "company": "FXM5nzGXOHtnbYSqREc/oX87IEYtNKHs/CigP/6/dzkg=",
              "company_url": "https://www.xing.com/companies/go?name=+9W0HV3gOMZL4XX705U9ChvH4YwC442RwJeQg6E6uLA=",
              "jobDuration": "3 Jahr, 3 Monat ",
              "jobDates": "02/2013 - 04/2016"
            },
            {
              "jobTitle": "wHkhG1exxmb/+oDSRG1Tbf9eBF/NjsRTo+UsNvZxx7c=",
              "company": "S+W/IJ1CsJXGgjtgUslnM4kqdEjI+1ibmeCWTiBVgrNQ=",
              "company_url": "https://www.xing.com/companies/go?name=G+0SJKOa1xIDmBz34xvB/MMF4NXx7xGKrLE32qdka28=",
              "jobDuration": "7 Jahr, 1 Monat",
              "jobDates": "04/2009 - 04/2016"
            },
            {
              "jobTitle": "hVUw2PAbJspHumX4y+8fJeHfr8zBUlyjFRQkUfsZ5/A=",
              "company": "W5bqvle2RtD8WvlR+g0fbmYPDo0kk5dZDykatMuEwXHY=",
              "company_url": "https://www.xing.com/companies/go?name=EtQmw3U68TLxcB98e/YzWwE3YxbRKgT6P8PjEUdwUV8=",
              "jobDuration": "6 Monat ",
              "jobDates": "08/2008 - 01/2009"
            },
            {
              "jobTitle": "dK6HvIkyFh3V38rE4h5flRkrG8MoCPTIT4JUA3COG08=",
              "company": "D11DmVtw8NI+vQxut8VMwTLkq6vcttfUYvva7/v6UhyM=",
              "company_url": "https://www.xing.com/companies/go?name=twNnGwlh3PSDa1EAS1WvupViBrrZhiw10UP4Qvip7yo=",
              "jobDuration": "3 Jahr, 2 Monat ",
              "jobDates": "08/2002 - 09/2005"
            },
            {
              "jobTitle": "dK6HvIkyFh3V38rE4h5flRkrG8MoCPTIT4JUA3COG08=",
              "company": "REaOWhgdWF9/WF3cEPJaMgFYONgajQU+W+GqDgKAJdu4=",
              "company_url": "https://www.xing.com/companies/go?name=c15kXR9AEEeEPitdFMkdUxGAyUJx69d1p2LN9yY0lTw=",
              "jobDuration": "1 Jahr, 11 Monat ",
              "jobDates": "09/2000 - 07/2002"
            }
          ]
        }
      ],
      "languages": [
        {
        }
      ],
      "education": [
        {
          "institution": "hyiK2vB3tBtM5u3JOqRtdIIEAhHVpD3A31Gc9suuePU=",
          "url": "https://www.xing.com/search/members?keywords=I+T0aunAlHdMT7neexpxqm84D+GiAK/ZLy57hh8TyAE=",
          "degree": "Betriebswirtschaft & Recht, Diplom-Betriebswirtin",
          "eduDuration": "10/2005 - 01/2009"
        }
      ]
    },
    {
      "profile": [
        {
          "sex": "m",
          "memberSince_Hits": "4. November 2015 / 134",
          "currJobDescr": "sDxEQaQbEqQT74XKNfetQtPy6CfxsTUfv/pPBptrhSA=",
          "jobs": [
            {
              "jobTitle": "sDxEQaQbEqQT74XKNfetQtPy6CfxsTUfv/pPBptrhSA=",
              "company": "LKqAMMevBWMbS8+bVa1/725t/67GzfWGqtBJZmMAJatg=",
              "company_url": "https://www.xing.com/companies/go?name=5+9eH4VbgglSyIS5cF0PTWT/od+Wuk2wXYtL//pvYJM=",
              "jobDates": "bis heute"
            }
          ]
        }
      ],
      "languages": [
        {
        }
      ],
      "education": [
        {
          "institution": "DMjc4OmhMpSPNl1LrcfP9iv0cnBJQ5iZiQV+G9XoX8A=",
          "url": "https://www.xing.com/search/members?keywords=k1HSf7lkuiDSmXydVQudLl7h5vcTfwTBfFJprn6W/No="
        }
      ]
    },
    {
      "profile": [
        {
          "sex": "m",
          "memberSince_Hits": "14. Oktober 2012 / 1193",
          "currJobDescr": "sDxEQaQbEqQT74XKNfetQtPy6CfxsTUfv/pPBptrhSA=",
          "jobs": [
            {
              "jobTitle": "sDxEQaQbEqQT74XKNfetQtPy6CfxsTUfv/pPBptrhSA=",
              "company": "UpF8ZPDLhFw0beP2+AeaI6IlCebK7r1etawiTGAD2C+4=",
              "company_url": "https://www.xing.com/companies/go?name=nakiGVDVrA98enlpGiohOl70ldSH2j+GxDWEMezP6z4=",
              "jobDuration": "4 Jahr, 9 Monat ",
              "jobDates": "05/2012 - 01/2017"
            },
            {
              "jobTitle": "1Etuw7j5OgB0G6Pdhj+BVuMInyCpnBNI8I9mIh/1KnU=",
              "company": "LNeK1QBITw8CsVVJ/hLCG1MU8CzwzlJV7XW8XXM0WOfA=",
              "company_url": "https://www.xing.com/companies/go?name=qyA+tALdYWfo7Z4N4vcICxe1DCeILPou0FEuR7jzYiA=",
              "jobDuration": "5 Jahr, 9 Monat ",
              "jobDates": "05/2011 - 01/2017"
            }
          ]
        }
      ],
      "languages": [
        {
        }
      ],
      "education": [
        {
          "institution": "NeK1QBITw8CsVVJ/hLCG1MU8CzwzlJV7XW8XXM0WOfA=",
          "url": "https://www.xing.com/search/members?keywords=d9tNQ+A3qGkst1zuis+rBuaaeCs7kgQBnfAkFL5jRPc=",
          "degree": "Environmental Law, J.D.",
          "eduDuration": "01/2010 - 01/2013"
        },
        {
          "institution": "eqsHOML04v9UBwhoLEEBgRYic99B0j8lXIGa4RPOtY0=",
          "url": "https://www.xing.com/search/members?keywords=AcxXWaK86H/i9i1nDMdT8dCfE2N3KCrQc9OxsQuX0Cw=",
          "degree": "Environmental Studies, Government, B.A.",
          "eduDuration": "01/2005 - 01/2010"
        }
      ]
    },
    {
      "profile": [
        {
          "sex": "m",
          "memberSince_Hits": "16. Juni 2008 / 1199",
          "currJobDescr": "sDxEQaQbEqQT74XKNfetQtPy6CfxsTUfv/pPBptrhSA=",
          "jobs": [
            {
              "jobTitle": "sDxEQaQbEqQT74XKNfetQtPy6CfxsTUfv/pPBptrhSA=",
              "company": "UCXR1qZ253iex1Wk6Qy74A4//ZE48784DQhrW+TP3LB4=",
              "company_url": "https://www.xing.com/companies/go?name=pIm/yjH+yJiaxhux9QVsyHrkwfx+8fDL4ebviLnUagA=",
              "jobDates": "bis heute"
            },
            {
              "jobTitle": "Ur/EN+XL/tMsrYA0XiTngeskF1Xbkh0kMLGLlO6LyfI=",
              "company": "UGrLxAbPycFqsYY323F+QXax/B06z+hn+vMIpr/j9pqA=",
              "company_url": "https://www.xing.com/companies/go?name=Z7k3fHFSkxEGTARKZyJreHe0S6eDlxJOesUy+fTIjTs=",
              "jobDuration": "4 Jahr, 1 Monat",
              "jobDates": "05/1998 - 05/2002"
            }
          ]
        }
      ],
      "languages": [
        {
        }
      ],
      "education": [
        {
          "institution": "hAE2+pLIZ4AilEea53WdYSnkN0dkVwmp4gfaVCogh20=",
          "url": "https://www.xing.com/search/members?keywords=bMpl+lqnyEuO9eCKwAPo3qZHfxILNnOxQX+u+4+gvxI=",
          "degree": "JD",
          "eduDuration": "2004 - 2007"
        },
        {
          "institution": "6cwOUs460Ra/+6/DU6D/zHhyMtJ3bbjZJ/MzjstJo1Q=",
          "url": "https://www.xing.com/search/members?keywords=x9k/ecC97N9ElzLLiyWRZvL+PT+RZcZDpWWYbKyePDw=",
          "degree": "BA",
          "eduDuration": "1994 - 1998"
        }
      ]
    },
    {
      "profile": [
        {
          "sex": "m",
          "memberSince_Hits": "26. November 2016 / 15",
          "currJobDescr": "skFwsZR9IIcHsMLEHD2ijOfkdvXgwUDM+QeYX6kEt3c=",
          "jobs": [
            {
              "jobTitle": "skFwsZR9IIcHsMLEHD2ijOfkdvXgwUDM+QeYX6kEt3c=",
              "company": "BKrLFrhZsACXLXF07JDuNye9hw2RKs4B+weCjWFWK0Lk=",
              "company_url": "https://www.xing.com/companies/go?name=ZNiWZgmXQorsLIdE6BXnEe7wI07aJsXqoE2tUq74lNI=",
              "jobDates": "bis heute"
            }
          ]
        }
      ],
      "languages": [
        {
        }
      ]
    },
    {
      "profile": [
        {
          "sex": "m",
          "memberSince_Hits": "16. August 2014 / 338",
          "currJobDescr": "sNepoaOTNcQmmMuXXJZvQngD7Z3oDuDjti2WYf+vDLE=",
          "jobs": [
            {
              "jobTitle": "sNepoaOTNcQmmMuXXJZvQngD7Z3oDuDjti2WYf+vDLE=",
              "company": "DsEqj1zpqEO4BMlmptabRLPwF7of5NS+mHs6V3pcSMYo=",
              "company_url": "https://www.xing.com/companies/go?name=KvVxnQTo1UBa4X8w9nZuVmhp4MobKUHraMGVd2aWe2o=",
              "jobDates": "bis heute"
            }
          ]
        }
      ],
      "languages": [
        {
        }
      ]
    },
    {
      "profile": [
        {
          "sex": "f",
          "memberSince_Hits": "28. August 2013 / 380",
          "currJobDescr": "7jkzMHGyCwiyPg0g52or78V6UXji6SQQbBYx5DZ3TW4=",
          "jobs": [
            {
              "jobTitle": "7jkzMHGyCwiyPg0g52or78V6UXji6SQQbBYx5DZ3TW4=",
              "company": "TKy207K+wFLaxpa6HVxGvNlASPW7jJTa+gPTRpAG3Bos=",
              "company_url": "https://www.xing.com/companies/go?name=/GsJbxD+KV36+Q9nRJrU7XFzcrv6YdAEXvXQ5eF1ez0=",
              "jobDates": "bis heute"
            }
          ]
        }
      ],
      "languages": [
        {
        }
      ]
    },
    {
      "profile": [
        {
          "sex": "m",
          "memberSince_Hits": "10. September 2012 / 1343",
          "currJobDescr": "OcnfJcaxxVkT1aOWv7gMEyuXsUXuUT85M3nyv8nuvUA=",
          "jobs": [
            {
              "jobTitle": "OcnfJcaxxVkT1aOWv7gMEyuXsUXuUT85M3nyv8nuvUA=",
              "company": "ne5vbjxsVZsSSsrAbJMPqjWXpctwZpA9+V9IxgO0e9z8=",
              "company_url": "https://www.xing.com/companies/go?name=s1dCdcNHczvKAPtmU7NyYjNyrhWhY7S9qlW1eLY9qtA=",
              "jobDates": "bis heute"
            }
          ]
        }
      ],
      "languages": [
        {
        }
      ]
    },
    {
      "profile": [
        {
          "sex": "f",
          "memberSince_Hits": "13. Dezember 2013 / 466",
          "currJobDescr": "skFwsZR9IIcHsMLEHD2ijOfkdvXgwUDM+QeYX6kEt3c=",
          "jobs": [
            {
              "jobTitle": "skFwsZR9IIcHsMLEHD2ijOfkdvXgwUDM+QeYX6kEt3c=",
              "company": "S51Dh6Z/TUWtLmIkjTtfREFIwGg76FXAhzTxF8dmQLNY=",
              "company_url": "https://www.xing.com/companies/go?name=B+aVItPJzq/8b1oeeIn2hQJPo6F3NcN4CUt6NRMwYk0=",
              "jobDates": "bis heute"
            }
          ]
        }
      ],
      "languages": [
        {
        }
      ]
    },
    {
      "profile": [
        {
          "sex": "m",
          "memberSince_Hits": "3. März 2013 / 670",
          "currJobDescr": "JvFQFOOFcf3T5GxnwJu/vhDToHyemlgpzvZ5/SKxlRI=",
          "jobs": [
            {
              "jobTitle": "JvFQFOOFcf3T5GxnwJu/vhDToHyemlgpzvZ5/SKxlRI=",
              "company": "cCq9Q1Xh0kQ/zjrlnSffM59RcMO3DPwzBgI/3+tGcg0g=",
              "company_url": "https://www.xing.com/companies/go?name=EU+C3/ib0hVV/EMZWAPO5S3CCOjCo5aQ6IQgtYv9r4E=",
              "jobDuration": "3 Jahr, 11 Monat ",
              "jobDates": "03/2013 - 01/2017"
            }
          ]
        }
      ],
      "languages": [
        {
        }
      ]
    },
    {
      "profile": [
        {
          "sex": "m",
          "memberSince_Hits": "14. September 2012 / 1005",
          "currJobDescr": "UFMhbPrJXbrT1AZNraez8HYO8W0PvJ53wq9sPKrpmbI=",
          "jobs": [
            {
              "jobTitle": "UFMhbPrJXbrT1AZNraez8HYO8W0PvJ53wq9sPKrpmbI=",
              "company": "JKL9ppZ3i7kolVJz/nI8caL2Hp4LXvPNDyQsRlaXkvCQ=",
              "company_url": "https://www.xing.com/companies/go?name=JjFjC9mLHpNID5gZOovK4gO59yi4I3IYVpHloj3EFKU=",
              "jobDates": "bis heute"
            }
          ]
        }
      ],
      "languages": [
        {
        }
      ]
    },
    {
      "profile": [
        {
          "sex": "f",
          "memberSince_Hits": "2. Juni 2011 / 734",
          "currJobDescr": "kNwtww6SARTIpWxrpdZk1gPBYfL2uiA1HyXFlz8wbYI=",
          "jobs": [
            {
              "jobTitle": "kNwtww6SARTIpWxrpdZk1gPBYfL2uiA1HyXFlz8wbYI=",
              "company": "LvA72d+WvqVdNSbWrwSNsWr6mySi0hqfjrUw/eOnKXm8=",
              "company_url": "https://www.xing.com/companies/go?name=W2LsBiAd8dUyMikkrUUiuEIR96kQjfF3l5pWV139D7g=",
              "jobDates": "1997 - 01/2017"
            },
            {
              "jobTitle": "qp4EznqQhAvcu6E2zqhqRvRc+JZTaugMxKK5lLCR+3c=",
              "company": "LZVzJmC+VSErjLW2Oq8TeIMpGApK9v+mrgp07g7UV3wA=",
              "company_url": "https://www.xing.com/companies/go?name=6BucMdKnyRH8A0Bpp2CunMGHbp1UbbxQeDYeRV3tfy4=",
              "jobDuration": "3 Monat ",
              "jobDates": "10/2009 - 12/2009"
            }
          ]
        }
      ],
      "languages": [
        {
        }
      ]
    },
    {
      "profile": [
        {
          "sex": "m",
          "memberSince_Hits": "7. Dezember 2007 / 992",
          "currJobDescr": "1pCCswssYR/RAXLuRC32ZymZuYEvfODi0U+NNEb0ZQY=",
          "jobs": [
            {
              "jobTitle": "1pCCswssYR/RAXLuRC32ZymZuYEvfODi0U+NNEb0ZQY=",
              "company": "RUOh5YqPtn0xZuTJR+eRw28lrz2FFRxsubcbkrIDE71g=",
              "company_url": "https://www.xing.com/companies/go?name=9ZBFv/xNy3g+Z6ZrWcwhowoxN9ILO12joiUcI28Bopo=",
              "jobDates": "bis heute"
            }
          ]
        }
      ],
      "languages": [
        {
        }
      ],
      "education": [
        {
          "institution": "vyE4J279foDKdimHvE/2tZsGQDqhulmaNBLMre6ddag=",
          "url": "https://www.xing.com/search/members?keywords=AlrtA5tEajda0mhth4y+ADncYO0ToilQpAoxpByFp6Y=",
          "degree": "Mgr. Ing."
        }
      ]
    },
    {
      "profile": [
        {
          "sex": "m",
          "memberSince_Hits": "16. Juli 2009 / 1444",
          "currJobDescr": "sDxEQaQbEqQT74XKNfetQtPy6CfxsTUfv/pPBptrhSA=",
          "jobs": [
            {
              "jobTitle": "sDxEQaQbEqQT74XKNfetQtPy6CfxsTUfv/pPBptrhSA=",
              "company": "ErjQnxC7j/31lS6vlDLlvo46++7IxT0TYQDQyGeN7CvE=",
              "company_url": "https://www.xing.com/companies/go?name=Rgf37waexn9FDFAXFtKViZo82Z459iotPuaTK6FFMdY=",
              "jobDuration": "7 Jahr, 8 Monat ",
              "jobDates": "06/2009 - 01/2017"
            },
            {
              "jobTitle": "t/X3V/lUr9cmyB4YvebwmrsnJJFeXqcs8PcWnSgBrJI=",
              "company": "UPlitPEcakWr9kAU91mLU8dhqWt3ptH+krfr4DKHSkGY=",
              "company_url": "https://www.xing.com/companies/go?name=0a1VbTyCq9j/i/sB74v3x1zmabeWkbOyNIJPmHzR2BQ=",
              "jobDates": "2004 - 2006"
            },
            {
              "jobTitle": "t/X3V/lUr9cmyB4YvebwmrsnJJFeXqcs8PcWnSgBrJI=",
              "company": "UhgAvC/7oJodPDPjEQQ9w20f5NvVf+mZD9YKR09hschQ=",
              "company_url": "https://www.xing.com/companies/go?name=i6fq6FHekurSAMi6aPJtmAegKB7+M8z4spMgM03lBzA=",
              "jobDates": "2001 - 2004"
            },
            {
              "jobTitle": "tQVjOu5dqgEqUPB0KBiFVMEiaPQxAlbWIZ6CR1uOvk0=",
              "company": "FlwGFKsnq8wrY87a4tgFpycgaHKnDYf+Z69lwqTEdbIs=",
              "company_url": "https://www.xing.com/companies/go?name=IewWkUf1ZbBfhLLz8mzBsLGSLsu9R1ziu7kuM9mZsIo=",
              "jobDates": "1999 - 2001"
            }
          ]
        }
      ],
      "languages": [
        {
        }
      ],
      "education": [
        {
          "institution": "r6sbVGnipolJMIcCK8iyzYoqK5Qhmxtb9OJemsLl1pw=",
          "url": "https://www.xing.com/search/members?keywords=hT/bbZwB05U3NnqgI7Nf8jC23xptjIOeWgYEb29VJh0=",
          "degree": "Law, J.D.",
          "eduDuration": "2006 - 2009"
        },
        {
          "institution": "EKwVAGKCh4By2srR8yjM5x/SWp5fQSDz3s8qbCgIdko=",
          "url": "https://www.xing.com/search/members?keywords=0sUXO+2xm3pB/qTDMvWKETaZhaUbmrK1hWoP4iBaxV8=",
          "degree": "English and Education, Ph.D.",
          "eduDuration": "1997 - 1999"
        },
        {
          "institution": "WvWqb49i9ts3OFHAsX4aUfAy6OWFXwgn5r1bEknQdA0=",
          "url": "https://www.xing.com/search/members?keywords=D6Cczp7FCQQplN8RFvofp3mMjvjXRuLwn+g6XnGRq24=",
          "degree": "English, B.A., M.A.",
          "eduDuration": "1990 - 1995"
        }
      ]
    },
    {
      "profile": [
        {
          "sex": "f",
          "memberSince_Hits": "27. April 2009 / 1744",
          "currJobDescr": "p+Phs3J4dLFBAc02Ie9HX5Xe8pzBdKeSlmvuD+m64Z0=",
          "jobs": [
            {
              "jobTitle": "p+Phs3J4dLFBAc02Ie9HX5Xe8pzBdKeSlmvuD+m64Z0=",
              "company": "IohESmIC1q6KFRak7JG/vrC3eBizA5YUmf24gNqaqoMM=",
              "company_url": "https://www.xing.com/companies/go?name=+e6EL6LYl3ryDrzgJVqlLI5jAVLV88RokoK+wGSoY6c=",
              "jobDuration": "1 Jahr, 1 Monat",
              "jobDates": "01/2016 - 01/2017"
            },
            {
              "jobTitle": "TzCjki3+SiIItHCo4skwODxL2zS0Y7bwG2Iagd/Wdyc=",
              "company": "A/u9de7GanDI8u/oM142xC7oY7FHwuSlwdJo8j8KbD5w=",
              "company_url": "https://www.xing.com/companies/go?name=dqB9XPctXTvRTY/6vJqxHzA+7wni8+YJLRdmIkHNNuU=",
              "jobDuration": "1 Jahr, 1 Monat",
              "jobDates": "09/2013 - 09/2014"
            },
            {
              "jobTitle": "TzCjki3+SiIItHCo4skwODxL2zS0Y7bwG2Iagd/Wdyc=",
              "company": "ZG1KLL4IAlGjT8rvWX17lDmPQ5vbZ4AdYRhFyRmqKNrs=",
              "company_url": "https://www.xing.com/companies/go?name=JWldKKbc4TuKK7mfILWV/e7yUfs7mxxfKU0FpPCWB38=",
              "jobDuration": "9 Monat ",
              "jobDates": "06/2012 - 02/2013"
            },
            {
              "jobTitle": "TzCjki3+SiIItHCo4skwODxL2zS0Y7bwG2Iagd/Wdyc=",
              "company": "SRS52knwxfHFudJzMhMhLlgcQ5Ga+GQcn1KRMF1CQ17M=",
              "company_url": "https://www.xing.com/companies/go?name=6FxQVYYXhblgYNZ5HMf/LTtU8ZaIsJo41E+2vgM8coY=",
              "jobDuration": "2 Jahr, 3 Monat ",
              "jobDates": "03/2010 - 05/2012"
            },
            {
              "jobTitle": "SaWWKopTjg6lghygybMthEJ4DAL5kZj5DlIU/EApj+c=",
              "company": "PgGyQ1+6LUJIOyM7sYHrilG9rSp1JleJqEHt35C8TTTY=",
              "company_url": "https://www.xing.com/companies/go?name=qBHzA1aQEv459NRSRIVlStMBtjl2L3H5I8y4tpANNuw=",
              "jobDuration": "5 Monat ",
              "jobDates": "09/2009 - 01/2010"
            },
            {
              "jobTitle": "TzCjki3+SiIItHCo4skwODxL2zS0Y7bwG2Iagd/Wdyc=",
              "company": "BZELsEOU+TE99t/7K6TkMDWcR84ZqSvP0b+zHozVM0q8=",
              "company_url": "https://www.xing.com/companies/go?name=f0t6wWxFac5m3/CtRc7cMhwTbtTf3JN7gQphxIfJShU=",
              "jobDuration": "2 Jahr, 7 Monat ",
              "jobDates": "01/2007 - 07/2009"
            },
            {
              "jobTitle": "/OAc9+4FLYGv9O0g/iGN2uJhJN2SwcQfhtCISFE0x2w=",
              "company": "L1sYY3tK7vlnkFNf9ilgJfGJyXWCP/8Ijz5sWceClhF8=",
              "company_url": "https://www.xing.com/companies/go?name=kyz9/gboctK5mSKMzrvvx658ihmE+Kv8i+SmEK0YmMk=",
              "jobDuration": "1 Jahr, 6 Monat ",
              "jobDates": "01/2006 - 06/2007"
            },
            {
              "jobTitle": "DpFzoFpN6sw5ZTdQhuBLI8o6fxeHpo223ajl1Bk1N94=",
              "company": "SNHrMOVURCcD9/TPreo29hiHgC0abTqqfjxaf1xQ6Mqs=",
              "company_url": "https://www.xing.com/companies/go?name=81ZQGCsw3TEN58+CLyb57ZK3p2YatSaOAv0BK0qGb88=",
              "jobDuration": "1 Jahr, 10 Monat ",
              "jobDates": "01/2003 - 10/2004"
            },
            {
              "jobTitle": "TzCjki3+SiIItHCo4skwODxL2zS0Y7bwG2Iagd/Wdyc=",
              "company": "L+h7P6uhNVjGm/apiX6rU3AP+IDDeTEeYBi3XFqOxuug=",
              "company_url": "https://www.xing.com/companies/go?name=kZg3KWdQbTHcS6xB32lgshpJ4JZ0lH+irOj4Yniyq5c=",
              "jobDuration": "1 Jahr",
              "jobDates": "01/2002 - 12/2002"
            }
          ]
        }
      ],
      "languages": [
        {
        }
      ]
    },
    {
      "profile": [
        {
          "sex": "m",
          "memberSince_Hits": "6. Dezember 2007 / 2795",
          "currJobDescr": "sDxEQaQbEqQT74XKNfetQtPy6CfxsTUfv/pPBptrhSA=",
          "jobs": [
            {
              "jobTitle": "sDxEQaQbEqQT74XKNfetQtPy6CfxsTUfv/pPBptrhSA=",
              "company": "BKrLFrhZsACXLXF07JDuNye9hw2RKs4B+weCjWFWK0Lk=",
              "company_url": "https://www.xing.com/companies/go?name=ZNiWZgmXQorsLIdE6BXnEe7wI07aJsXqoE2tUq74lNI=",
              "jobDuration": "3 Jahr, 3 Monat ",
              "jobDates": "11/2013 - 01/2017"
            }
          ]
        }
      ],
      "languages": [
        {
        }
      ],
      "education": [
        {
          "institution": "99BGFpe5Y2PxY55lfgerC+/ve0Dffx2RHgFiZZm3keM=",
          "url": "https://www.xing.com/search/members?keywords=xTkLdYSov99sEjtnxmSKdkn8D827SbDvMFWCQHFc8Xc=",
          "degree": "Steuerrecht, LL.M",
          "eduDuration": "10/2012 - 08/2013"
        },
        {
          "institution": "Y2wDDoleUs7XzWkfWYOcRfQAiUetLJ88b4TUs6Yrmx4=",
          "url": "https://www.xing.com/search/members?keywords=PYWD8YkmthYiZ9Sn9+JcB0a311C7hgTVEoE344Y7k0c=",
          "degree": "Staatsexamen Jura",
          "eduDuration": "2007 - 2012"
        }
      ],
      "awards": [
        {
        }
      ]
    },
    {
      "profile": [
        {
          "sex": "f",
          "memberSince_Hits": "19. April 2005 / 2096",
          "currJobDescr": "8aQvsp89fklkhhtONOnBbno3C7pFGecVq7p1jnQRaLM=",
          "jobs": [
            {
              "jobTitle": "8aQvsp89fklkhhtONOnBbno3C7pFGecVq7p1jnQRaLM=",
              "company": "UC62LorDznjUAHcHW+Oc024M98KUYYrhFWdqX4RPDro4=",
              "company_url": "https://www.xing.com/companies/go?name=obRiP1Uo2JJ1ANNcRl4QMvPQdc6tiZQXFc3VkQJ1guw=",
              "jobDates": "bis heute"
            },
            {
              "jobTitle": "qp4EznqQhAvcu6E2zqhqRvRc+JZTaugMxKK5lLCR+3c=",
              "company": "E69Ty08uIGdQYIEBFB+oO/M0CgWhnwVhRM7jwvKEU0Gk=",
              "company_url": "https://www.xing.com/companies/go?name=W0nrYFDJy4xXKCwcHaIkVzcocZe6aK9+oXjGQ4i/9HM="
            },
            {
              "jobTitle": "qp4EznqQhAvcu6E2zqhqRvRc+JZTaugMxKK5lLCR+3c=",
              "company": "MrRbW+F3mKOzO1CLS/IKq5KxBiL5KX0dO/fstsG2CESo=",
              "company_url": "https://www.xing.com/companies/go?name=Ez/RD85+N3yoxLznDUEUTur0TuVDlkpQxMDFYlZSfYw="
            },
            {
              "jobTitle": "HNpz5U3OXIR802pjYtcap877BCyuuUTgxeBo8kyKcH4=",
              "company": "NUOzdxtKe98TDqX6UOv+pDoVqjah3/MiHsEqkYF2CrJA=",
              "company_url": "https://www.xing.com/companies/go?name=Y/ifSb9ePolEuGD2E4s0YZTTfzSSLFjX2s8/AsI9ro0="
            },
            {
              "jobTitle": "qp4EznqQhAvcu6E2zqhqRvRc+JZTaugMxKK5lLCR+3c=",
              "company": "2D9TWWU+k0r8FS89CPI2SckuNngogK2VSnG/vYNJGq4=",
              "company_url": "https://www.xing.com/companies/go?name=/ltxMxXz10Ra3lMH6maarGzp/aB5P9oRGR/PWvzDB8k="
            },
            {
              "jobTitle": "qp4EznqQhAvcu6E2zqhqRvRc+JZTaugMxKK5lLCR+3c=",
              "company": "M+vC4aWIy2eTZVXgT/ucYTNSfF88sOgo9EcbUZeW+Xag=",
              "company_url": "https://www.xing.com/companies/go?name=2YRMcaPrFshKokOJNMwg0pLkcEeC4ZbnUeC36r4CeeE="
            }
          ]
        }
      ],
      "languages": [
        {
        }
      ],
      "education": [
        {
          "institution": "pLZdF2s83THMEJ8p7NgeRbuRM3oozsYGWTMDYwQiX/A=",
          "url": "https://www.xing.com/search/members?keywords=SJm3Fpuo5AcHaoX/Zy+Kkj8ZviHjBK6/syVo55JeH2M="
        }
      ]
    },
    {
      "profile": [
        {
          "sex": "m",
          "memberSince_Hits": "6. Februar 2015 / 270",
          "currJobDescr": "sDxEQaQbEqQT74XKNfetQtPy6CfxsTUfv/pPBptrhSA=",
          "jobs": [
            {
              "jobTitle": "sDxEQaQbEqQT74XKNfetQtPy6CfxsTUfv/pPBptrhSA=",
              "company": "LW5mBLeN3WxK8CrnZhhJCF63ojN47MQy2mkjXhPj+z6U=",
              "company_url": "https://www.xing.com/companies/go?name=XVANls1fAOrvJbnlzKkJ63myyb4kuVrqNehwNmW6cDg=",
              "jobDates": "bis heute"
            }
          ]
        }
      ],
      "languages": [
        {
        }
      ],
      "education": [
        {
          "institution": "cN/hkgztx1iH5DoO/UaMylY38DTfG7yS5OgO/wCUonk=",
          "url": "https://www.xing.com/search/members?keywords=Trxp4Cc6oEsThHNlzaY1iwxmf+qm9IdB0WEQTofMc4g=",
          "degree": "Law, Juris Doctorate",
          "eduDuration": "2009 - 2012"
        },
        {
          "institution": "pYZAgE0RYgP3AKHVRl2/TA5O6mw9c7/zqQVIdW/kiv4=",
          "url": "https://www.xing.com/search/members?keywords=Yt0kl1H1+U0KrjLQqBTWlH3mhODpoxeaar9TztqyePM=",
          "degree": "English, Bachelor of Arts",
          "eduDuration": "2000 - 2005"
        }
      ]
    },
    {
      "profile": [
        {
          "sex": "f",
          "memberSince_Hits": "31. März 2009 / 1064",
          "currJobDescr": "7jkzMHGyCwiyPg0g52or78V6UXji6SQQbBYx5DZ3TW4=",
          "jobs": [
            {
              "jobTitle": "7jkzMHGyCwiyPg0g52or78V6UXji6SQQbBYx5DZ3TW4=",
              "company": "UlE7xVkuRx42QQwiCzzg5khQOsqswbw04Qn1ycvAdEQk=",
              "company_url": "https://www.xing.com/companies/go?name=w+5DbkJmo7ilHvHLNcE95fAaZjL/L6dDa1wzbbfXG8E=",
              "jobDuration": "17 Jahr, 3 Monat ",
              "jobDates": "11/1999 - 01/2017"
            },
            {
              "jobTitle": "YsRKSM6JBYpExRtXg/nV7bjQd8R7JJg+phth0dta4TE=",
              "company": "KL/1MeNgszVfoIilaVSv8W3yTrotXJc9z5/OcjFWp8Jg=",
              "company_url": "https://www.xing.com/companies/go?name=8Xp+uy6TmFfTGIi1l7mB2Xx10/FeTgrHgYVa8jCqUhI=",
              "jobDuration": "6 Monat ",
              "jobDates": "03/1998 - 08/1998"
            }
          ]
        }
      ],
      "languages": [
        {
        }
      ],
      "education": [
        {
          "institution": "BbnswkLc/wgFfYL7tQPHs+zpdU4qxp8avRZT4EQtI3w=",
          "url": "https://www.xing.com/search/members?keywords=oITz3wgofXlkf827iJfkKirMky4llXWHeNPtEyG1YKs=",
          "degree": "Computer Science, Literature, Political Science",
          "eduDuration": "08/1989 - 05/1993"
        }
      ]
    },
    {
      "profile": [
        {
          "sex": "f",
          "memberSince_Hits": "22. April 2016 / 72",
          "currJobDescr": "mzDk7terd1pBbqRCpdwZzEOK/MILGt+RGeveLgK8abc=",
          "jobs": [
            {
              "jobTitle": "mzDk7terd1pBbqRCpdwZzEOK/MILGt+RGeveLgK8abc=",
              "company": "SWS4HzGFWc8XR08qwkRCVrV5/5IjJ7xcx5ElJ3bcpLaQ=",
              "company_url": "https://www.xing.com/companies/go?name=2cvXNJ40X90nw8a21gU2ahemM20WaXkg2y7/8/lmF9k=",
              "jobDuration": "6 Monat ",
              "jobDates": "12/1998 - 05/1999"
            },
            {
              "jobTitle": "XoX2XAYVc03t4+0Gb8dD1uEyB0F8jQXjeLrYxUrz1+0=",
              "company": "ItxEZ29UjHoOTwdbeZD9pitFybdXa2OKdrp1XwluD/zg=",
              "company_url": "https://www.xing.com/companies/go?name=/UTOzKwpq1gFzA01S12093ig1whIkcFIurJtwoNWTEM=",
              "jobDuration": "2 Jahr, 1 Monat",
              "jobDates": "01/2015 - 01/2017"
            },
            {
              "jobTitle": "yM737bNuV1xwfpPNAhP6uHWmk8XkIOnnbGxzUp83rRc=",
              "company": "Am0X+n1wQujEHH2qupHJ9zWFGUbY3xB/LFgUzDiwj9ow=",
              "company_url": "https://www.xing.com/companies/go?name=dbwcab4kR0itd/YhugUCoYWtEWmXN4UdO5pynF+qr10=",
              "jobDuration": "9 Monat ",
              "jobDates": "04/2013 - 12/2013"
            },
            {
              "jobTitle": "izW0fO8cI+rAV8cj9O0Gx0HSOb8fQ+Tkcw10dTvAUq4=",
              "company": "At3NWeTGRZ4ngOCkAyE12Qv/R6/4qssuynXqAmFu6q2M=",
              "company_url": "https://www.xing.com/companies/go?name=0Pr9xpw59DclpYbxTPm28pFFJcDZKqAB1mPhhFtEU9E=",
              "jobDuration": "2 Jahr, 1 Monat",
              "jobDates": "03/2011 - 03/2013"
            },
            {
              "jobTitle": "hXbHlkoOPb4kW1bHPtOqdpxWeufzMEEp5MEZEMEsVHM=",
              "company": "TRBjIL1XUwYBO5stv5EqQjwd9NO198O58SBBajz0D67A=",
              "company_url": "https://www.xing.com/companies/go?name=qXTRfCw/ZGkyfSTNHBXsLQAKfpsiWqYjMfq2xuKGTWI=",
              "jobDuration": "4 Jahr, 7 Monat ",
              "jobDates": "08/2006 - 02/2011"
            },
            {
              "jobTitle": "bSdhWhlqgy6YsIoft6HH/AfkRfiW4hF9pRiu57OB1y8=",
              "company": "C6Jfp5GpgnnpjFzqEaB+gMDpB/+DiGQ9H5Kdl3hubY+A=",
              "company_url": "https://www.xing.com/companies/go?name=WGGFcCL39HyeVgV2lzImD4l2F2DYe11C+Hsvw6+Kt68=",
              "jobDuration": "1 Jahr, 5 Monat ",
              "jobDates": "04/2005 - 08/2006"
            },
            {
              "jobTitle": "+40lR6/MSQEkcokeQMKGs2O2cia9y8fB9U19su7nxow=",
              "company": "C0ZDx5XoKIvqcP0QXRHlZX+WH8uyCoZrvmhNIBVc+cFE=",
              "company_url": "https://www.xing.com/companies/go?name=6MYuSvadzSzZhpSyUciYuUgeF/wDaHsXP0KbKtqIBnE=",
              "jobDuration": "6 Monat ",
              "jobDates": "10/2004 - 03/2005"
            },
            {
              "jobTitle": "+40lR6/MSQEkcokeQMKGs2O2cia9y8fB9U19su7nxow=",
              "company": "C0ZDx5XoKIvqcP0QXRHlZX+WH8uyCoZrvmhNIBVc+cFE=",
              "company_url": "https://www.xing.com/companies/go?name=6MYuSvadzSzZhpSyUciYuUgeF/wDaHsXP0KbKtqIBnE=",
              "jobDuration": "1 Jahr, 10 Monat ",
              "jobDates": "12/2001 - 09/2003"
            },
            {
              "jobTitle": "g+kgusb5f26GLpUnFBGN7BDehFUEd3xRUAR7ccNIa7s=",
              "company": "JXiyqztp7LXMoKYpkXtYXoXkf06w1Zyx2pnbKNS5GLFU=",
              "company_url": "https://www.xing.com/companies/go?name=CKpZavBgWzAkUD54pCLiWgHNpLWkc174KzVHxZ4iRbU=",
              "jobDuration": "9 Monat ",
              "jobDates": "09/2000 - 05/2001"
            },
            {
              "jobTitle": "LTNqpqcIxgshxkDpHwJvLyKOkp10h3eTytcTVCxLjtw=",
              "company": "PbfDDMn2cHpkYM+ih67w/1rPPXAXFxntQudbjrq11Cwc=",
              "company_url": "https://www.xing.com/companies/go?name=PYpsRx8dZt0O1Wse1Ps13Pl8Ulxi5YExU/fdDKcQ6gA=",
              "jobDuration": "10 Monat ",
              "jobDates": "09/1999 - 06/2000"
            }
          ]
        }
      ],
      "languages": [
        {
        }
      ],
      "education": [
        {
          "institution": "72risb13BpuBad4UK3bYMb+wk6xte7Ooh4pn9N0vsPU=",
          "url": "https://www.xing.com/search/members?keywords=LdEuqgT9elC6+JdE4AuD/caXf7q5tEY++D30zgjgr/w=",
          "degree": "Wine, Diploma",
          "eduDuration": "03/2015 - 10/2015"
        },
        {
          "institution": "F6Q1KJz96MYaxOQenzyoit3O3l70nk20NDYVqe8HNxI=",
          "url": "https://www.xing.com/search/members?keywords=NzErI6U1vMRbgUFF2OtuDci/UuFHh7fY0whJi03I1M8=",
          "degree": "Foreign trade, Master Degree",
          "eduDuration": "09/2003 - 06/2004"
        },
        {
          "institution": "AgEpGWljX2ooW+vUygUj1KQ+sXLN0S8wJzh3gXWxkAY=",
          "url": "https://www.xing.com/search/members?keywords=SxIM5Z88Rb9AazYXAedZNxLs961oyu3+gwFoO3a/er0=",
          "degree": "Law, Law Degree (J.D. Equivalent)",
          "eduDuration": "08/1996 - 05/2001"
        }
      ]
    },
    {
      "profile": [
        {
          "sex": "m",
          "memberSince_Hits": "28. April 2009 / 1942",
          "currJobDescr": "1pCCswssYR/RAXLuRC32ZymZuYEvfODi0U+NNEb0ZQY=",
          "jobs": [
            {
              "jobTitle": "1pCCswssYR/RAXLuRC32ZymZuYEvfODi0U+NNEb0ZQY=",
              "company": "LFQAWIMVIvxR0/Tq9wdcH2V9nY8lPfmgc/ku2OiM8UKg=",
              "company_url": "https://www.xing.com/companies/go?name=Lv+v3WrtzSmaiIwOvwkL0pXyCzbvUMntIW3bzLxrtxw=",
              "jobDuration": "6 Monat ",
              "jobDates": "06/2008 - 11/2008"
            },
            {
              "jobTitle": "FqkQk3rRJS0QhB6a0RRnzEouGIQSjW4BIb2wQ3L9VrU=",
              "company": "PJ7kwVE2bA84xNjIm8R72ZJaAd6knP6hLhm8D37teIzM=",
              "company_url": "https://www.xing.com/companies/go?name=GXgdeoVpv1WrqVzwrlmGSQ6/Od6kUNeh73XVgHR4XBA=",
              "jobDuration": "4 Monat ",
              "jobDates": "09/2007 - 12/2007"
            },
            {
              "jobTitle": "NoMn4XC7yaoqG88ZjAept5YAC8fBmT7Vj0gu99VeESM=",
              "company": "ShCQy1fKGbS3XqGppJYtn97l6h5Viu++Jc/s/8+OxYzY=",
              "company_url": "https://www.xing.com/companies/go?name=okGCV49p6VCBhdYvus0pv/5Mhf+YPPU5zlkjYYpj+OE=",
              "jobDuration": "4 Monat ",
              "jobDates": "05/2007 - 08/2007"
            }
          ]
        }
      ],
      "languages": [
        {
        }
      ],
      "education": [
        {
          "institution": "QZ/p+vsdHJjDXiGd3OKCtHJ9Z9CEhkCSxuPiT9WF6Zo=",
          "url": "https://www.xing.com/search/members?keywords=w1WtU5wXQ4HDLUB/Vbe0AK2iasTrVkeUVkfRox7s7Ys=",
          "degree": "Law, JD",
          "eduDuration": "08/2006 - 05/2009"
        },
        {
          "institution": "sgnCFqI3L3gdiJfl6SPVQwo4kaPEuCTmZHx/x1xLOBs=",
          "url": "https://www.xing.com/search/members?keywords=/Q/GPJEYdGXkVxiK3zZNUnRIAZDzLJpcWEqKYYLrMfE=",
          "degree": "Philosophy, Politics, Economics, Government, BA",
          "eduDuration": "08/2002 - 05/2006"
        }
      ],
      "awards": [
        {
        }
      ]
    },
    {
      "profile": [
        {
          "sex": "f",
          "memberSince_Hits": "11. November 2008 / 2029",
          "currJobDescr": "sDxEQaQbEqQT74XKNfetQtPy6CfxsTUfv/pPBptrhSA=",
          "jobs": [
            {
              "jobTitle": "sDxEQaQbEqQT74XKNfetQtPy6CfxsTUfv/pPBptrhSA=",
              "company": "T83ijB0CIIZZTA4YW41NFFwxA/nml+x23zZZg1YXBghs=",
              "company_url": "https://www.xing.com/companies/go?name=FsCE7G3iQ+ETadctQ/eap4VQfiItJMpF3XPvoWFn36A=",
              "jobDuration": "1 Jahr, 8 Monat ",
              "jobDates": "06/2008 - 01/2010"
            },
            {
              "jobTitle": "ufOFIwDaqA5oXE02pMClALN7DpVfifIJP9HpQ8pqrNU=",
              "company": "KkUz/WwsOiPX5L6cDNLKWA1qMa10vtG0z0hJNQlMsFeM=",
              "company_url": "https://www.xing.com/companies/go?name=C2KJHBhb0BI/ng2QUHhpr73cmlrJLcCOXn7o92XbyXg=",
              "jobDuration": "6 Jahr, 6 Monat ",
              "jobDates": "08/2010 - 01/2017"
            }
          ]
        }
      ],
      "languages": [
        {
        }
      ],
      "education": [
        {
          "institution": "PXfrA4uQYhvLH2dRVn3Xfp14Z3koJjAureh9a9CI1RE=",
          "url": "https://www.xing.com/search/members?keywords=y+q2N2AeJD/EapVWv5OQleP6HORBLyhQg6BUMOfKQYc=",
          "degree": "Law, LL.M.",
          "eduDuration": "2007 - 2008"
        },
        {
          "institution": "IQ4naidVjZ8pcuj5AlHC3kZEKeZ5P+0wT1Oxis9EL+A=",
          "url": "https://www.xing.com/search/members?keywords=KOHJKAYGHAsixuEUtDjLx1MVcQq0YWBNr0lBLMkNGFQ=",
          "degree": "Law",
          "eduDuration": "01/2003 - 08/2003"
        },
        {
          "institution": "i4k3XNrMfiC9G1EB4uDO+cdRp6JV63C279rAgNTYbcE=",
          "url": "https://www.xing.com/search/members?keywords=lrBb0XAItCAmRodjiJ8vE7S4ypFydsPB/4HyljhhdR4=",
          "degree": "Jura/law, Staatsexamen",
          "eduDuration": "2001 - 2006"
        }
      ]
    },
    {
      "profile": [
        {
          "sex": "m",
          "memberSince_Hits": "12. Mai 2011 / 2098",
          "currJobDescr": "oXWpuVeU7GD2s+wb9ShtUsfT3UZcqdkEiwuwZjEyt5s=",
          "jobs": [
            {
              "jobTitle": "VGmoCbgGcpVV1VBHFM3No3/DjNKyyTmYqXxEhdni1lQ=",
              "company": "SritOfbx94dN1a6pEprjz1jq9ygG+yFTrR9Xzpct2Skw=",
              "company_url": "https://www.xing.com/companies/go?name=3jzpTtPrAYtIK+SVF9v+aZTcp9XqffWzI7y0C4R1Fgo=",
              "jobDuration": "2 Jahr, 3 Monat ",
              "jobDates": "10/2014 - 12/2016"
            },
            {
              "jobTitle": "Nu0ZcMBZDWTQhL++iwa7RPWay1RZlVsDUYRDCWPsrmw=",
              "company": "UjmKk9D2zoO146iOrFRuav5L/Qismu+jxiVYaQkX4PeI=",
              "company_url": "https://www.xing.com/companies/go?name=NUzBKqEgxathD4N5sgMG105i9XHmaX9rtwz2NM55TsI=",
              "jobDuration": "3 Jahre",
              "jobDates": "04/2011 - 03/2014"
            },
            {
              "jobTitle": "YOZmbMPbigAIfkvXMouek88yLYxXaDUJ+uaKjRfd8pk=",
              "company": "N3Ne5kdXCONM4bC+LJILPOSLfIDMol51WRitviyLRycY=",
              "company_url": "https://www.xing.com/companies/go?name=5wFPfU2eMhE7HRut1Z7j4RbHZYVPRU174aOBMRIe6kI=",
              "jobDuration": "1 Monat",
              "jobDates": "03/2012 - 03/2012"
            },
            {
              "jobTitle": "YOZmbMPbigAIfkvXMouek88yLYxXaDUJ+uaKjRfd8pk=",
              "company": "CgtiE1G8cN78cIJ8YjUHZQOfVX1s2bvEZQSyucVq8Ov0=",
              "company_url": "https://www.xing.com/companies/go?name=d90MyzHn8EhB95wDOM5GAqw8ds3JyPXPgFwMVTZD29w=",
              "jobDuration": "2 Monat ",
              "jobDates": "03/2011 - 04/2011"
            },
            {
              "jobTitle": "YOZmbMPbigAIfkvXMouek88yLYxXaDUJ+uaKjRfd8pk=",
              "company": "WXhb8ZzFZvYX3QomziHdTC8iszOW2JXu0aSWrradZnSA=",
              "company_url": "https://www.xing.com/companies/go?name=5FXwcVibIR6T1U+CbKt6YioIBfimWW5EnNyW5dmKPpE=",
              "jobDuration": "1 Monat",
              "jobDates": "09/2010 - 09/2010"
            }
          ]
        }
      ],
      "languages": [
        {
        }
      ],
      "education": [
        {
          "institution": "nyCxALo5ghJktccAQaQhaTDBFOlmB6ZuV4lVCO56l8Y=",
          "url": "https://www.xing.com/search/members?keywords=07fPtu5rYXctCuP9Xh3ohTYIC6N4//eUD6fQ0wmtqNQ=",
          "degree": "Rechtswissenschaft, Promotion",
          "eduDuration": "03/2015 - 01/2017"
        },
        {
          "institution": "jmKk9D2zoO146iOrFRuav5L/Qismu+jxiVYaQkX4PeI=",
          "url": "https://www.xing.com/search/members?keywords=AcjGbV8NwNDvLzKWzE6VrZYmUAl/mApvoUqJ6gACVn8=",
          "degree": "Rechtswissenschaften mit wirtschaftswissenschaftlicher Zusatzausbildung, Staatsexamen",
          "eduDuration": "10/2009 - 07/2014"
        }
      ],
      "awards": [
        {
        }
      ]
    },
    {
      "profile": [
        {
          "sex": "m",
          "memberSince_Hits": "15. September 2012 / 1457",
          "currJobDescr": "R8ve2jSR/HLdh1Gds01QOoM5l3aibX52AQhIPacs+jc=",
          "jobs": [
            {
              "jobTitle": "R8ve2jSR/HLdh1Gds01QOoM5l3aibX52AQhIPacs+jc=",
              "company": "GpyVAQOkp9JzkBJKNAEVIjPfU7/+YOR9CIl2K3wJ+7pI=",
              "company_url": "https://www.xing.com/companies/go?name=oKiBzxjjNskt+Vpo1JuYjIAVSZx+Ot1z+5CD56/3GFs=",
              "jobDuration": "7 Jahre",
              "jobDates": "01/2009 - 12/2015"
            },
            {
              "jobTitle": "hJU+CgGPvs7XRiyny2NLNBuuYwQZ1mbL9rQbaPC8PiE=",
              "company": "G11yFNGLSfZHBBctikU06J582LwNWTL/emBGtYfskUBQ=",
              "company_url": "https://www.xing.com/companies/go?name=cCycF15qf4RTSyPxPY5Z/e/G0L4DfTYVDiiTYJOMlfA=",
              "jobDuration": "1 Jahr, 1 Monat",
              "jobDates": "01/2016 - 01/2017"
            },
            {
              "jobTitle": "DzXz7FUMbxaL0Qqhw4AVgKQ1YsD7cQ+0bYurk/ZPUdk=",
              "company": "S9nOeZh7EmUwAr6MxlSgoYRJA9Y50He/dI2JsIkO2vqU=",
              "company_url": "https://www.xing.com/companies/go?name=qBh+lHNYn66Wxoiuts/i14BeeSd2HB/RQFAQkLfXGds=",
              "jobDuration": "2 Jahr, 6 Monat ",
              "jobDates": "08/2006 - 01/2009"
            },
            {
              "jobTitle": "VnUwlMxSZR5+7ObjOQFdctBPJCS2YKRpWlioZjFZkb8=",
              "company": "S9nOeZh7EmUwAr6MxlSgoYRJA9Y50He/dI2JsIkO2vqU=",
              "company_url": "https://www.xing.com/companies/go?name=qBh+lHNYn66Wxoiuts/i14BeeSd2HB/RQFAQkLfXGds=",
              "jobDuration": "1 Jahr",
              "jobDates": "09/2005 - 08/2006"
            },
            {
              "jobTitle": "FvPnDtWaiEWGBk/1NADOG9HOSVaQ2DOMjfJpRyXNN4Q=",
              "company": "DslbX8DfJ40XQ4qLwaa08/xh+HKAAUW8B/G+/rZvAVd0=",
              "company_url": "https://www.xing.com/companies/go?name=FQP49JVj7pTeoF5TXpkzBuaWd2Jn+elMpjfSEw0FpXM=",
              "jobDuration": "9 Monat ",
              "jobDates": "10/2004 - 06/2005"
            },
            {
              "jobTitle": "XMntiSuZix44iOHSoDi2tKF7D/1006+FWl5yU9voUqQ=",
              "company": "TIeuVisY1e6WNW99KQiei+Mwp+AO7WmLVQfjVILa6xdI=",
              "company_url": "https://www.xing.com/companies/go?name=k1cOdevJEddRQWBa1rFt3/Pp7S2WRWWzAuftgHVUXbE=",
              "jobDuration": "2 Jahr, 3 Monat ",
              "jobDates": "11/2001 - 01/2004"
            }
          ]
        }
      ],
      "languages": [
        {
        }
      ],
      "education": [
        {
          "institution": "ncnMQC3WF+5T6rX5OUStDdg9cSIZxWfRBHAHxTgSgbU=",
          "url": "https://www.xing.com/search/members?keywords=ncnMQC3WF+5T6rX5OUStDdg9cSIZxWfRBHAHxTgSgbU=",
          "degree": "Industriekaufmann, Industriekaufmann",
          "eduDuration": "08/2003 - 01/2009"
        }
      ]
    }
  ]
}
