{
  "category": "Medical Assistant",
  "dominantSexXing": "f",
  "profiles": [
    {
      "profile": [
        {
          "sex": "f",
          "memberSince_Hits": "30. Dezember 2013 / 936",
          "currJobDescr": "n3R6ACDL9Be6uy/t5qY9ZM6DQ8H+cMVHWEMNqqkxMKo=",
          "jobs": [
            {
              "jobTitle": "n3R6ACDL9Be6uy/t5qY9ZM6DQ8H+cMVHWEMNqqkxMKo=",
              "company": "RTVmMELRlzufLa/qa7/Kn6cBGXI2c7nqcKTzv3w2IJvw=",
              "company_url": "https://www.xing.com/companies/go?name=94VI5s3r3IXLI/ipttQjo+YCTPpILKo/NI3vYbIIjpo=",
              "jobDuration": "3 Jahr, 9 Monat ",
              "jobDates": "05/2013 - 01/2017"
            },
            {
              "jobTitle": "Hoe6ABMXIuT0d/Y7kj3g6ajWNrR+TBcq8cP5+o552zc=",
              "company": "AP1jeYTdK/949+vWJjhs5mZLcCM6VCtmp44frOCy3ac8=",
              "company_url": "https://www.xing.com/companies/go?name=hSe4it2bGcG9dyTpRR6nFlbRo1FedpX8t81UJFN7yfU=",
              "jobDuration": "1 Jahr",
              "jobDates": "10/2003 - 09/2004"
            },
            {
              "jobTitle": "NIOyuE3lZyhF8pGuL53YeKQzT701YqgNgN9sgSkAGsE=",
              "company": "Cq7OBgOegrOVkWtaIKzrYx5WAcIj8TjlXokL73JDNg/8=",
              "company_url": "https://www.xing.com/companies/go?name=2VM+wfogUyOL1WFhhrywHCtCF2ZIBo+wG6Ns13ee55Q=",
              "jobDuration": "6 Monat ",
              "jobDates": "02/2002 - 07/2002"
            },
            {
              "jobTitle": "JT/ePgSx925mNK5JoEOVRpBemJae+9zTPu+SA15/gj8=",
              "company": "PCMOUctZadb+ibfQ0KePc9URZM8lUyTLEDMCmEmw1QRs=",
              "company_url": "https://www.xing.com/companies/go?name=HXAROQRSNxvxv7KvQZWHtsmxEyn/ilT5XTj3c0UMPsg=",
              "jobDuration": "6 Monat ",
              "jobDates": "05/2000 - 10/2000"
            },
            {
              "jobTitle": "3upAaXnfAUdsxjSuIIw9BpwkKLCUu7PbRTmoBCUbM08=",
              "company": "KT2aIdeePCG/A1sglFzySKlSftvESkyxdeU9sd0y5PdM=",
              "company_url": "https://www.xing.com/companies/go?name=uuuaH+0r5tu4HuyNH/LVkwaApVMXv89XSBG04D7hCV0=",
              "jobDuration": "1 Jahr, 7 Monat ",
              "jobDates": "06/1996 - 12/1997"
            }
          ]
        }
      ],
      "languages": [
        {
        }
      ],
      "education": [
        {
          "institution": "1GmroUptMTnFkXCX7oldAiu/LEX24udJF3NTyaLMS30=",
          "url": "https://www.xing.com/search/members?keywords=fgdIPxZhZhOjZlIGjs3UA+3QZJrtZUMQh19bjjkXhsI=",
          "degree": "Human Medicine, Graduation",
          "eduDuration": "11/1990 - 05/1996"
        },
        {
          "institution": "yiJOsxuhePN0hSXu4hEMwMx2nhuf6KjLpgpIeAQiYN4=",
          "url": "https://www.xing.com/search/members?keywords=fDuRGD7Dn3YTRZ4JQNBToqA/tRnNy3JNcKutCE2lx4I=",
          "degree": "Biology, Dipl.Biol.",
          "eduDuration": "09/1984 - 04/1990"
        }
      ],
      "awards": [
        {
        }
      ]
    },
    {
      "profile": [
        {
          "sex": "f",
          "currJobDescr": "R3orm21eFfYpWQ/jlTEf9q9MzzFx2gXJuBuElfMtG4E="
        }
      ]
    },
    {
      "profile": [
        {
          "sex": "f",
          "memberSince_Hits": "24. April 2008 / 3392",
          "currJobDescr": "QdXQ/rouslY9cJpicUxrYM7ZLI2cfxrdIBVHTgbXv3Y=",
          "jobs": [
            {
              "jobTitle": "QdXQ/rouslY9cJpicUxrYM7ZLI2cfxrdIBVHTgbXv3Y=",
              "company": "Pq92a7l8Y5C0ce5JGF3/q75c3Dnxcn7zotHc0KxaA+/A=",
              "company_url": "https://www.xing.com/companies/go?name=u9FNlP0xVXMGMHqQf1wZTn29VT5MQUdpdGe8LGd5FDg=",
              "jobDuration": "3 Jahre",
              "jobDates": "02/2014 - 01/2017"
            },
            {
              "jobTitle": "JAUr1cxhrHD3q6wk6bCaeEUsO3cPb2ftgYC3brQ1g+E=",
              "company": "Pq92a7l8Y5C0ce5JGF3/q75c3Dnxcn7zotHc0KxaA+/A=",
              "company_url": "https://www.xing.com/companies/go?name=u9FNlP0xVXMGMHqQf1wZTn29VT5MQUdpdGe8LGd5FDg=",
              "jobDuration": "8 Monat ",
              "jobDates": "06/2013 - 01/2014"
            },
            {
              "jobTitle": "DK964L6YyBZ33FeDSxruMq+8J+G3Fn5cNFhbfEeClXU=",
              "company": "AYyNqalscTb4QMG25wOym3IJCnQ5aD6wUefwZ0gpmu+Q=",
              "company_url": "https://www.xing.com/companies/go?name=TNjDGi5k5Bl5gWU2Jy+FntzvcGY82QzHTLvdutEags0=",
              "jobDuration": "11 Monat ",
              "jobDates": "07/2012 - 05/2013"
            },
            {
              "jobTitle": "VZrkjaCl6BmrAujCdgbAO9zoU0UXSATtViujx0Lsw44=",
              "company": "BNnELjYYlzdR7zKkPIz5vwpAH45BKjkYIa4ADzDyrZ0Y=",
              "company_url": "https://www.xing.com/companies/go?name=Xu1gGIrF9SP4tHAv5W+GeDlKCQ2wfuqgtLlLrCux8jk=",
              "jobDuration": "2 Jahr, 6 Monat ",
              "jobDates": "01/2010 - 06/2012"
            },
            {
              "jobTitle": "/tWUweLJKF8kCUHcqyDkB6Jw7lrwFZWgMhOdIAmTK2o=",
              "company": "IMjqSLZiBJlxqrWqs65k4K/2FXj4KZNJA3gBuYX294UY=",
              "company_url": "https://www.xing.com/companies/go?name=oHmPZ2TA+KMEUtOafGRnjk+hxuiyyHsR/WUbUJ/3gyo=",
              "jobDuration": "4 Jahr, 4 Monat ",
              "jobDates": "09/2005 - 12/2009"
            }
          ]
        }
      ],
      "languages": [
        {
        }
      ]
    },
    {
      "profile": [
        {
          "sex": "f",
          "memberSince_Hits": "3. Mai 2010 / 699",
          "currJobDescr": "YBn+HBihYz7v83WMpnMkt9quSiLH4aMrp9VBTztiXvg=",
          "jobs": [
            {
              "jobTitle": "YBn+HBihYz7v83WMpnMkt9quSiLH4aMrp9VBTztiXvg=",
              "company": "nbkgIIyJtmruijaQZMaSnk2lWepNkdeDPCTSLQz2mp6w=",
              "company_url": "https://www.xing.com/companies/go?name=L8HoS31SB9Els04e/xPvfLGcSI1bBq1muyLea2aTFAY=",
              "jobDates": "bis heute"
            }
          ]
        }
      ],
      "languages": [
        {
        }
      ],
      "education": [
        {
          "institution": "zZuWakF2OY8KYwi+bPimTUgVIp9ihJEruDo+v+uxICc=",
          "url": "https://www.xing.com/search/members?keywords=2oagRMSXRYrfqY71Jw4VHLtuw0LCZqz183jCLCo0u5c="
        }
      ]
    },
    {
      "profile": [
        {
          "sex": "m",
          "memberSince_Hits": "20. Januar 2007 / 3100",
          "currJobDescr": "xbCNA2pUjGrKM/5ZDRvwqXJzzFkmgVLVJKqLeV2Mxoo=",
          "jobs": [
            {
              "jobTitle": "xbCNA2pUjGrKM/5ZDRvwqXJzzFkmgVLVJKqLeV2Mxoo=",
              "company": "KA7WB79og82Q7U0YP7Ma3VxjZDQY6ozcjJtD9eHqCbGw=",
              "company_url": "https://www.xing.com/companies/go?name=+zwBTm7wYvBwv25a/3OimkQGqMnjs0vqbYGKv9QBPQ8=",
              "jobDuration": "8 Jahr, 1 Monat",
              "jobDates": "01/2009 - 01/2017"
            },
            {
              "jobTitle": "EIhRTX/Ye2z62Jt0ABy1MV6K4i768Sc3bl2Prnxsj6A=",
              "company": "HAuWpuqXgp7ivGQxJM/n4pl+ypyviaNDWIfr3dEnjDf4=",
              "company_url": "https://www.xing.com/companies/go?name=2R3aFW7y56+fimBO/dORzVUNT/MeFn0QpyjN14y0R9s=",
              "jobDuration": "7 Jahr, 11 Monat ",
              "jobDates": "03/2009 - 01/2017"
            },
            {
              "jobTitle": "gPm9ropPk803IBxi1HvdEkYlhFn8dLU/6NQlALxQH7Y=",
              "company": "RAyIdUby4A4Pltb9b3xiCDM6MX7jSioCedAa1CtKwIWc=",
              "company_url": "https://www.xing.com/companies/go?name=LLXmZah5BiwTlyn4BD+W7CzbXD7i3mz4ZjfQss0kEQY=",
              "jobDuration": "2 Jahr, 4 Monat ",
              "jobDates": "09/2006 - 12/2008"
            }
          ]
        }
      ],
      "languages": [
        {
        }
      ],
      "education": [
        {
          "institution": "AyIdUby4A4Pltb9b3xiCDM6MX7jSioCedAa1CtKwIWc=",
          "url": "https://www.xing.com/search/members?keywords=CZg3onHGto67zFBY8szfEMTqYv6yFOCxY4uAfDV4toE="
        }
      ],
      "awards": [
        {
        }
      ]
    },
    {
      "profile": [
        {
          "sex": "f",
          "memberSince_Hits": "25. November 2015 / 544",
          "currJobDescr": "op98luyj2dLcpmXgkHr8w0996Nk2uM3gbMUbxWksMnQ=",
          "jobs": [
            {
              "jobTitle": "op98luyj2dLcpmXgkHr8w0996Nk2uM3gbMUbxWksMnQ=",
              "company": "Ecg3yDAGa5Bzp5EWbyNbc8T6/tUg3qV7ApLiHYjFlXLo=",
              "company_url": "https://www.xing.com/companies/go?name=/x4sOTf0BdMeX5sbspz8F0TXaoBBRG2wmMDFpZlqfSY=",
              "jobDuration": "1 Jahr, 4 Monat ",
              "jobDates": "10/2015 - 01/2017"
            },
            {
              "jobTitle": "XwONSQ+gaZhvufDOZMSOI+VRnz+NQQNB3gJArBakmvA=",
              "company": "AGrrso32Qcxs/un/wwkJV/VxegwaYiKtqRKKw/ZYArlg=",
              "company_url": "https://www.xing.com/companies/go?name=MNCcI621dBxN3+fPCXBKJArBI/sEUMSWjRwtnQFQ8lE=",
              "jobDuration": "2 Jahre",
              "jobDates": "07/2013 - 06/2015"
            },
            {
              "jobTitle": "KxenbnaQIVmm4xs3tWiSpcHtKgEXyw21w8eRf2YFwA0=",
              "company": "AGrrso32Qcxs/un/wwkJV/VxegwaYiKtqRKKw/ZYArlg=",
              "company_url": "https://www.xing.com/companies/go?name=MNCcI621dBxN3+fPCXBKJArBI/sEUMSWjRwtnQFQ8lE=",
              "jobDuration": "3 Jahr, 11 Monat ",
              "jobDates": "08/2009 - 06/2013"
            }
          ]
        }
      ],
      "languages": [
        {
        }
      ],
      "education": [
        {
          "institution": "2R4wYM/ig4rfz3oAoxWWRsXe7D/2xxLBuyhMiJmFiQA=",
          "url": "https://www.xing.com/search/members?keywords=swiWjM0zOHJHtbgMcA+axg2iICzhtg6rmaYA22Tlx7M=",
          "degree": "Tourismus Management, Diplom-Betriebswirtin (FH)"
        }
      ]
    },
    {
      "profile": [
        {
          "sex": "f",
          "memberSince_Hits": "3. November 2010 / 676",
          "currJobDescr": "YBn+HBihYz7v83WMpnMkt9quSiLH4aMrp9VBTztiXvg=",
          "jobs": [
            {
              "jobTitle": "YBn+HBihYz7v83WMpnMkt9quSiLH4aMrp9VBTztiXvg=",
              "company": "MeojIpPQm6iXMfwSs/7xisqiYilbC5NCX/mTCIe+8O3I=",
              "company_url": "https://www.xing.com/companies/go?name=3VVDzhBTzA3vZ5q/ADDaJcUtGRDqS784WGWqreYWZrI=",
              "jobDates": "bis heute"
            }
          ]
        }
      ],
      "languages": [
        {
        }
      ],
      "education": [
        {
          "institution": "xAbaIaZlCfez8ENm1AFXxjV2Ekerlhba/K6K0cSdK8U=",
          "url": "https://www.xing.com/search/members?keywords=8O36iRsRcro/k7+K9gOSOExlL9uKHx6Q3rYWPFHVj2I=",
          "degree": "Liberal Arts"
        }
      ]
    },
    {
      "profile": [
        {
          "sex": "f",
          "memberSince_Hits": "27. Oktober 2007 / 981",
          "currJobDescr": "YBn+HBihYz7v83WMpnMkt9quSiLH4aMrp9VBTztiXvg=",
          "jobs": [
            {
              "jobTitle": "YBn+HBihYz7v83WMpnMkt9quSiLH4aMrp9VBTztiXvg=",
              "company": "AnZZCgNUBiRM3cEIRR3CNXBdUFvp2ZVmvHfi4XuQjZ5E=",
              "company_url": "https://www.xing.com/companies/go?name=qrAIxEdHnFQGAPgJRG/ZOdglzpNTVxmjbV8RopUNpv0=",
              "jobDuration": "14 Jahr, 11 Monat ",
              "jobDates": "03/2002 - 01/2017"
            }
          ]
        }
      ],
      "languages": [
        {
        }
      ]
    },
    {
      "profile": [
        {
          "sex": "f",
          "memberSince_Hits": "23. August 2010 / 327",
          "currJobDescr": "rr6HZYxMh3Lla4cdKnpp0d3D/QBrboCUhNZPnMTbEoE=",
          "jobs": [
            {
              "jobTitle": "rr6HZYxMh3Lla4cdKnpp0d3D/QBrboCUhNZPnMTbEoE=",
              "company": "-7iGgXMH4Udmk0O880dH8PMVDivwTL3EGHyWOjHQr8MU=",
              "company_url": "https://www.xing.com/companies/go?name=5633dMTDq6GDiX8T3PzAQyCL0cwuFLA3+FmZW9AM5lU=",
              "jobDates": "bis heute"
            }
          ]
        }
      ],
      "languages": [
        {
        }
      ]
    },
    {
      "profile": [
        {
          "sex": "f",
          "memberSince_Hits": "20. Juni 2008 / 2040",
          "currJobDescr": "kFKw4KrPlVKiRADiOz3Q4T8DdyOSSl1U1NLaVxpj0RI=",
          "jobs": [
            {
              "jobTitle": "kFKw4KrPlVKiRADiOz3Q4T8DdyOSSl1U1NLaVxpj0RI=",
              "company": "APavUYPwru7Zr2BVIzKphAEAXj3r99aEFqtXE4KTIE1s=",
              "company_url": "https://www.xing.com/companies/go?name=gNBFWRlO4Y8yUmqeZDGMTrVn4nv72VCDk5tHyyMmgqg=",
              "jobDuration": "2 Jahr, 5 Monat ",
              "jobDates": "09/2014 - 01/2017"
            },
            {
              "jobTitle": "9bIeGF1yC+EAAZG3Mdn2BrblDDEfxJErqzvZAcbAvr0=",
              "company": ".KLFYtcrBACCCy/T83G8yoMpp/7VmDFNTlj4C2a83KXA=",
              "company_url": "https://www.xing.com/companies/go?name=+MKLbhUaKiA8emZKoVj3QF6SccpnbVwbPPyZZ4OpSBU=",
              "jobDuration": "11 Jahr, 2 Monat ",
              "jobDates": "07/2003 - 08/2014"
            }
          ]
        }
      ],
      "languages": [
        {
        }
      ]
    },
    {
      "profile": [
        {
          "sex": "f",
          "memberSince_Hits": "17. Oktober 2014 / 505",
          "currJobDescr": "uO7Xlrz8KtTDf5kuKPqzsZpaYpnipw33kLwSbUTcynw=",
          "jobs": [
            {
              "jobTitle": "uO7Xlrz8KtTDf5kuKPqzsZpaYpnipw33kLwSbUTcynw=",
              "company": "B2igcOf5IDccBOyBN898c0xfrEDIhuH/n8s+jKwgPyRA=",
              "company_url": "https://www.xing.com/companies/go?name=+/lcnTlsXqihtKnFV5tZWJu4I2SNPUlQnu3oVCEsGto=",
              "jobDuration": "1 Jahr, 5 Monat ",
              "jobDates": "09/2015 - 01/2017"
            },
            {
              "jobTitle": "4hAF4mapkfP0ZGKqscpePup/UC09bx9eBYGYC9kkpN0=",
              "company": "B80lMJfCn94eGMmwgAPB7gSF2rHAxVDYb19Srb+FOyEc=",
              "company_url": "https://www.xing.com/companies/go?name=rDUijc7KWpcpwuX2YmsotpDD0/dslfkGwCkwUuUWd0w=",
              "jobDuration": "5 Jahr, 7 Monat ",
              "jobDates": "06/2009 - 12/2014"
            },
            {
              "jobTitle": "TqC9uIRudyWYnNaJXbTZkTM+3bQnY+kizteQv3zgMl8=",
              "company": "GIRbUGbRLX6xdiavkABvMQpFTrWOYdeP/2iPo5nqOy3U=",
              "company_url": "https://www.xing.com/companies/go?name=alx7RpH/X/LyMlIHCa3lTr7FFsAbvgQ7DaIrqaz0B9Y=",
              "jobDuration": "8 Monat ",
              "jobDates": "02/2008 - 09/2008"
            },
            {
              "jobTitle": "BtBzx/gEcf/cooNa5gwCaJI+w+1C0aJ0R2gZfYDEEzQ=",
              "company": "A46OEXXFrhXWNQSIvZwkMwR1so4nFSTsiu3KI50EqGVU=",
              "company_url": "https://www.xing.com/companies/go?name=BB14jq8U+HTjcRfjiQZABtrHOHy1A0y4RD+XXrs0zC4=",
              "jobDuration": "3 Monat ",
              "jobDates": "03/2008 - 05/2008"
            },
            {
              "jobTitle": "BtBzx/gEcf/cooNa5gwCaJI+w+1C0aJ0R2gZfYDEEzQ=",
              "company": "AY+0KI/EOY6TRu3lNfYFd2lkJk1rpcqMvLBpOOc5k644=",
              "company_url": "https://www.xing.com/companies/go?name=mIcivZZShiECag0J2mQH9E0obAUMdgtU2DKEVDVO9fE=",
              "jobDuration": "3 Monat ",
              "jobDates": "06/2007 - 08/2007"
            },
            {
              "jobTitle": "BtBzx/gEcf/cooNa5gwCaJI+w+1C0aJ0R2gZfYDEEzQ=",
              "company": "BDA7w6nHSSsQq2iOcbuEBc+K57NecCOcig281VP/PKuM=",
              "company_url": "https://www.xing.com/companies/go?name=tu6RkI0TZb+bsZhJV6+lVwOQj1kaiTHSOOlLS8or7Ac=",
              "jobDuration": "3 Monat ",
              "jobDates": "03/2006 - 05/2006"
            }
          ]
        }
      ],
      "languages": [
        {
        }
      ],
      "education": [
        {
          "institution": "ZcrsQ3XSMLex02BKOpAsVfpj+m5jEH8CZ/zh93dd8RE=",
          "url": "https://www.xing.com/search/members?keywords=pwS/6dmI+qxTQ9EuKjBHILGeIe387/2ML4EcGUuFDME=",
          "degree": "Projektmanagement",
          "eduDuration": "03/2015 - 05/2015"
        },
        {
          "institution": "oJ/nRHn/yQU3j+MFyeD8866yV6BjZl3sfcZRi/uxSxo=",
          "url": "https://www.xing.com/search/members?keywords=Ea9Sb771q0KuTth2OwTlUqYQlAqn11L60aDJhF52TFs=",
          "degree": "Wirtschaftswissenschaften, Master of Arts in Economics & Business",
          "eduDuration": "10/2008 - 09/2010"
        },
        {
          "institution": "Fgm6GQvdKEW4zIrAFBRS6ydT1kgXnuAw8ddkV+sV/I4=",
          "url": "https://www.xing.com/search/members?keywords=RrANE61Awi/3/uph3J0lwDcjVNDMU6QWaOZ2QeDJS8A=",
          "degree": "Marketing, Management, Business-Finanzen",
          "eduDuration": "03/2007 - 12/2007"
        },
        {
          "institution": "2P8PfPwqQfN1Xd/3IRaejLh9fnATHxbb+lPOPjbEyTs=",
          "url": "https://www.xing.com/search/members?keywords=4KfjZFARZEm7KJ24Wyoo4yAW+4dDQkoLn+2/NEiE26E=",
          "degree": "Internationale Wirtschaftsbeziehungen, Diplom",
          "eduDuration": "09/2003 - 06/2008"
        }
      ]
    },
    {
      "profile": [
        {
          "sex": "f",
          "memberSince_Hits": "22. März 2011 / 808",
          "currJobDescr": "YBn+HBihYz7v83WMpnMkt9quSiLH4aMrp9VBTztiXvg=",
          "jobs": [
            {
              "jobTitle": "YBn+HBihYz7v83WMpnMkt9quSiLH4aMrp9VBTztiXvg=",
              "company": "Dg8id+cIx9TQKRqHP+X8AQh/j+jSV3ZhlBR+yQLbQXPk=",
              "company_url": "https://www.xing.com/companies/go?name=4DoJFJXNpbaXLZZSTgHKt54jyzsr0C4lEy5Z/7QTfiE=",
              "jobDates": "bis heute"
            }
          ]
        }
      ],
      "languages": [
        {
        }
      ]
    },
    {
      "profile": [
        {
          "sex": "m",
          "memberSince_Hits": "4. Juli 2006 / 3849",
          "currJobDescr": "YBn+HBihYz7v83WMpnMkt9quSiLH4aMrp9VBTztiXvg=",
          "jobs": [
            {
              "jobTitle": "YBn+HBihYz7v83WMpnMkt9quSiLH4aMrp9VBTztiXvg=",
              "company": "RilhR+jpILnFqKFbttkkQfJuMxEGbVJTBVzF0JmVFG9A=",
              "company_url": "https://www.xing.com/companies/go?name=Zhsy4Xrzs1Xnoh/7lI4AnQoYDH6+Donrl8d2uO16xIo=",
              "jobDuration": "1 Jahr, 6 Monat ",
              "jobDates": "08/2015 - 01/2017"
            },
            {
              "jobTitle": "iBnzJgQc1h/ukqOP7fTiLb7RX5OupjOvxtzcCyGX8YU=",
              "company": "JGQZUQjXABry9BuqJvusB9qsRT01/uz9hjGXIIlTdmpM=",
              "company_url": "https://www.xing.com/companies/go?name=2OJ6Ca1n2vjsZyDmF4/RjTQ7X94gWcBOrrCcjkKBbQQ=",
              "jobDates": "bis heute"
            },
            {
              "jobTitle": "WygTznyiJqqWqPd0CEdtiA2Nxcc1kAk3dl5VSvheFPI=",
              "company": "AUuwV/81v0M77ptA6p3bEMXXKtbJ1zre3D6XanOgX/+I=",
              "company_url": "https://www.xing.com/companies/go?name=dC1R+FM+WUr1gRxhIoXmXHcRuCP6XVjp7dYQOCiIrz0=",
              "jobDuration": "1 Jahr, 4 Monat ",
              "jobDates": "01/2014 - 04/2015"
            },
            {
              "jobTitle": "gSIrNjhdnWG5fJVeeITH4txeYTyE7TZrhrrnHLC96Lw=",
              "company": "µTltoQl0wG6Slsf9b82c4CH3X1aKwx9WzxxeuAKRqSqY=",
              "company_url": "https://www.xing.com/companies/go?name=rcpMs1rSTrm59/9ZFE8vyrxS0o/SoGGZk159cirOIiE="
            },
            {
              "jobTitle": "GewhErK1v/a9WTGPKRGjcjleymb+sm7hSOzor//stPE=",
              "company": "GBoEYNTQu6kg+JlPOzjsKItYdHkkMgAxCf0GbUU3QI3Q=",
              "company_url": "https://www.xing.com/companies/go?name=JUbKgyhyWcmJOpjNaH2nt5nSLFncSbRlxPBVsMApEg4="
            },
            {
              "jobTitle": "TS+uHLjIp4jmBbRnlPZw5AeyDmty8mmJGJpELRkrQcM=",
              "company": "EmFwiM7I1e1Xx24OWb08r8enTaKbb7WtctGvUTuDEIPU=",
              "company_url": "https://www.xing.com/companies/go?name=bCUqlK3nxD1ptQNIXIGbdLajskcgBRHmCo6/X6rGCPQ="
            }
          ]
        }
      ],
      "languages": [
        {
        }
      ],
      "education": [
        {
          "institution": "PKH0hDQPWMJHZakFVq8LVjdXCdbKOgsKYHeRfyUvDqQ=",
          "url": "https://www.xing.com/search/members?keywords=1tV6x0vs++TFUq9+5JtsGOwX5ifcswOXSD1tKFUDziI=",
          "degree": "Business & German Studies - Diplom in Int. Trade Law",
          "eduDuration": "10/1996 - 05/2000"
        },
        {
          "institution": "2Yw9rIJoYC6bDDtIyVVwF6ldggogGS7n3xvp0DUoef8=",
          "url": "https://www.xing.com/search/members?keywords=/NDGqVldvPaFfXL5LnrrdDVayEf/W5DVOBwc6LdCYIo=",
          "degree": "A'levels: Economics & Politics, Business and German",
          "eduDuration": "10/1994 - 10/1996"
        }
      ],
      "awards": [
        {
        }
      ]
    },
    {
      "profile": [
        {
          "sex": "f",
          "memberSince_Hits": "1. August 2013 / 508",
          "currJobDescr": "72GO3BgA8UsCJXFzTg2l4Ce8NheHTH5ES2feNVjTtiQ=",
          "jobs": [
            {
              "jobTitle": "72GO3BgA8UsCJXFzTg2l4Ce8NheHTH5ES2feNVjTtiQ=",
              "company": "M6IxwMrXHJv12SQX6LnqzkpEQvx53Cw3d9wPOmDUbJCc=",
              "company_url": "https://www.xing.com/companies/go?name=yBk2p7hv21KtnA2m+/m2lototE0aOTkYGGLz/FE+yNo=",
              "jobDates": "bis heute"
            }
          ]
        }
      ],
      "languages": [
        {
        }
      ],
      "education": [
        {
          "institution": "K5w/j02wvTTG/VL74QUhoKhVQOm3vluhto4j1kFXDtM=",
          "url": "https://www.xing.com/search/members?keywords=WUzU9uQ9z+0I6/4/mzWBN91ijSo97kSO/x7UesT4ygA=",
          "degree": "Medical, Registered Medical Assistant",
          "eduDuration": "01/2010 - 12/2010"
        }
      ]
    },
    {
      "profile": [
        {
          "sex": "f",
          "memberSince_Hits": "22. Dezember 2016 / 18",
          "currJobDescr": "YBn+HBihYz7v83WMpnMkt9quSiLH4aMrp9VBTztiXvg=",
          "jobs": [
            {
              "jobTitle": "YBn+HBihYz7v83WMpnMkt9quSiLH4aMrp9VBTztiXvg=",
              "company": "OiCLWWgHhFLMBUIo3efpfQbq7eGwirj449yYNCWmeQr8=",
              "company_url": "https://www.xing.com/companies/go?name=FkApntTu+XQdgcvdPmFxuAd6/WA4qYXSDU2QDFFcyfI=",
              "jobDates": "bis heute"
            }
          ]
        }
      ],
      "languages": [
        {
        }
      ]
    },
    {
      "profile": [
        {
          "sex": "m",
          "memberSince_Hits": "28. Dezember 2011 / 1449",
          "currJobDescr": "fmgm7Qb5r2jflNK4Qbb7v5TOY6oDs+gwdGIywNAWaKs=",
          "jobs": [
            {
              "jobTitle": "fmgm7Qb5r2jflNK4Qbb7v5TOY6oDs+gwdGIywNAWaKs=",
              "company": "D0wH27YfNEFs1R6I60vdmY/363cEzpTyy9d0GjmFFqPQ=",
              "company_url": "https://www.xing.com/companies/go?name=sCoCXTxjVwsrhu8FOxD9fmkh9XepIthWEAivHM/Kzg0=",
              "jobDuration": "1 Jahr, 1 Monat",
              "jobDates": "01/2016 - 01/2017"
            },
            {
              "jobTitle": "uyIRGTieefd8k9g1yt9v1O+kaVG+jR157E8TiJY/QJ4=",
              "company": "Pl68We2iiz5rH6lPJDKjadzv5MQCIKrgQH3VAkKQ+TsA=",
              "company_url": "https://www.xing.com/companies/go?name=7XbWJooE9obiWYDInFoqm/MSo2gYQMKD0hh5Q1i4m/4=",
              "jobDuration": "3 Monat ",
              "jobDates": "04/2015 - 06/2015"
            },
            {
              "jobTitle": "kLC0J6InyuwH8QolQNS8ETxJ/nYLIt0Y7WFcJqpmvLU=",
              "company": "fNrgTZc7QycxcVRXegzp/UtHs7e51+MMlwW0F+jO80ws=",
              "company_url": "https://www.xing.com/companies/go?name=cDgRFPbYZceSiDCdYADWv/tpj2rYi79TN4TD/+hBIq8=",
              "jobDuration": "3 Jahr, 2 Monat ",
              "jobDates": "03/2012 - 04/2015"
            },
            {
              "jobTitle": "fmoOBlgkT/3bI3/XMnOU7J3FQK5s3pW3yuqcQCWId+A=",
              "company": "by7uweyy9I2SoQxeOnuU8KcL0CnkD6H4Bp1P5aPqdDWo=",
              "company_url": "https://www.xing.com/companies/go?name=l3IfpaXmNEh4xqeiOjY+qAfC6xez4Dxa2nffZBqLobw=",
              "jobDuration": "7 Monat ",
              "jobDates": "03/2010 - 09/2010"
            },
            {
              "jobTitle": "IBboB0wXe6NqnusjR7VwuHtdaEXacCxHIsqNDKZWDqo=",
              "company": "GOo3YargPzlSnLcGzUweTNxBeaI2QtMXt3ETjiBRxdMY=",
              "company_url": "https://www.xing.com/companies/go?name=eq1AD5jxOYRWTm1Ze3CZDRn8VSO+o4S4lKgtXwHYs7E=",
              "jobDuration": "9 Monat ",
              "jobDates": "07/2007 - 03/2008"
            }
          ]
        }
      ],
      "languages": [
        {
        }
      ],
      "education": [
        {
          "institution": "8j6HE6eCq7vJWxAevRduQ4PaIwKaxIp8G2rNvkoqCY4=",
          "url": "https://www.xing.com/search/members?keywords=uAM2d3L6OcYZRXY1HaR64jmGB8MAZrJS0JsmNRs28H4=",
          "degree": "Digital Media, Bachelor of Science",
          "eduDuration": "03/2009 - 07/2012"
        },
        {
          "institution": "jYfZDsdmF6WgN3hBS6b+WCR9PkHBaDRfgWJgdiJfKYk=",
          "url": "https://www.xing.com/search/members?keywords=IQIn6R1NBBng96vOmQq2oph+Ex6yeXeJajQPnWJAtB0=",
          "degree": "Abitur",
          "eduDuration": "07/1998 - 07/2007"
        }
      ],
      "awards": [
        {
        }
      ]
    },
    {
      "profile": [
        {
          "sex": "f",
          "memberSince_Hits": "28. März 2008 / 605",
          "currJobDescr": "zS9Mva5jMySvLxAEsTjJ+y5BvuilnfIt+PqQBcSzfjk=",
          "jobs": [
            {
              "jobTitle": "zS9Mva5jMySvLxAEsTjJ+y5BvuilnfIt+PqQBcSzfjk=",
              "company": "Hd9SNUyhsjoas/d7MkqZyD764HRn3TIu6+DrOm+dNd2c=",
              "company_url": "https://www.xing.com/companies/go?name=9TpYjqbDqpspAszvhPt1utF/A7IhFDg/Dl92p0LvP1E=",
              "jobDates": "bis heute"
            }
          ]
        }
      ],
      "languages": [
        {
        }
      ]
    },
    {
      "profile": [
        {
          "sex": "f",
          "memberSince_Hits": "1. April 2016 / 71",
          "currJobDescr": "YBn+HBihYz7v83WMpnMkt9quSiLH4aMrp9VBTztiXvg=",
          "jobs": [
            {
              "jobTitle": "YBn+HBihYz7v83WMpnMkt9quSiLH4aMrp9VBTztiXvg=",
              "company": "MqookJPead0lXsXyZlTttKU4miIkcAJINfCIrbQzHnIM=",
              "company_url": "https://www.xing.com/companies/go?name=qp3HetjkGw022sy6mI20yIef/7UDXdRpA9fZL/BUyuk=",
              "jobDates": "bis heute"
            }
          ]
        }
      ]
    },
    {
      "profile": [
        {
          "sex": "f",
          "memberSince_Hits": "14. Januar 2010 / 1073",
          "currJobDescr": "YBn+HBihYz7v83WMpnMkt9quSiLH4aMrp9VBTztiXvg=",
          "jobs": [
            {
              "jobTitle": "YBn+HBihYz7v83WMpnMkt9quSiLH4aMrp9VBTztiXvg=",
              "company": "CDmt9gnIi2tw//WjVHSGK5cmyrHVWlYkLzhUrewt9B1c=",
              "company_url": "https://www.xing.com/companies/go?name=UiLaFvE9Eb0QKYznbwMpd11YG8MIvhkFQ6gZIYu0fOk=",
              "jobDates": "bis heute"
            }
          ]
        }
      ],
      "languages": [
        {
        }
      ],
      "education": [
        {
          "institution": "ZPizbhxidvRtD/B/omMsdLULWWypUztAeoCPTa3BIGM=",
          "url": "https://www.xing.com/search/members?keywords=wZUQmAEZxfkGBdpxjJP6GLWPcmIERHt5mrMAHQB7yl0="
        },
        {
          "institution": "ZPizbhxidvRtD/B/omMsdLULWWypUztAeoCPTa3BIGM=",
          "url": "https://www.xing.com/search/members?keywords=wZUQmAEZxfkGBdpxjJP6GLWPcmIERHt5mrMAHQB7yl0="
        }
      ]
    },
    {
      "profile": [
        {
          "sex": "f",
          "memberSince_Hits": "29. September 2016 / 114",
          "currJobDescr": "YBn+HBihYz7v83WMpnMkt9quSiLH4aMrp9VBTztiXvg=",
          "jobs": [
            {
              "jobTitle": "YBn+HBihYz7v83WMpnMkt9quSiLH4aMrp9VBTztiXvg=",
              "company": "PT2YiQ6PcRR5+C5pLBxU4hPR4cTDCdk9B54+sM1dFnL0=",
              "company_url": "https://www.xing.com/companies/go?name=+icqobiNYlxu6X8a7OsrMIFkdOeaSHr1ktoztUNbE8U=",
              "jobDuration": "15 Jahr, 5 Monat ",
              "jobDates": "09/2001 - 01/2017"
            }
          ]
        }
      ]
    },
    {
      "profile": [
        {
          "sex": "f",
          "memberSince_Hits": "10. April 2012 / 716",
          "currJobDescr": "YBn+HBihYz7v83WMpnMkt9quSiLH4aMrp9VBTztiXvg=",
          "jobs": [
            {
              "jobTitle": "YBn+HBihYz7v83WMpnMkt9quSiLH4aMrp9VBTztiXvg=",
              "company": "-7iGgXMH4Udmk0O880dH8PMVDivwTL3EGHyWOjHQr8MU=",
              "company_url": "https://www.xing.com/companies/go?name=q5Ip9qnRjREdN6i7wv5NV5zcpYZznAnfdl+JlYox9QU="
            }
          ]
        }
      ],
      "languages": [
        {
        }
      ],
      "education": [
        {
          "institution": "ny063ZJnNpMmwrdS3c4y7tLRi7hWph/ZCW1qAZyzRhM=",
          "url": "https://www.xing.com/search/members?keywords=aDH8zHPaFnbRP8jjEKLjgT49vBufSAQjH8HNYLs3Xqk=",
          "degree": "Healthcare, Diploma in Medical Assisting",
          "eduDuration": "04/2011 - 09/2012"
        }
      ]
    },
    {
      "profile": [
        {
          "sex": "f",
          "memberSince_Hits": "20. November 2015 / 128",
          "currJobDescr": "EOSGUK52nCPL3kn2JmkxJqP4rGdpjXtopX836f4HGnE=",
          "jobs": [
            {
              "jobTitle": "YBn+HBihYz7v83WMpnMkt9quSiLH4aMrp9VBTztiXvg=",
              "company": "OQRNJvJ3rpexUnjQOX64KHP/prH217TUV1+ai9M68RZM=",
              "company_url": "https://www.xing.com/companies/go?name=iiiHNRj1m2jc1tU+B2eAmKwfniSqnHC2JxZTCE9NYPs=",
              "jobDuration": "3 Jahr, 4 Monat ",
              "jobDates": "10/2013 - 01/2017"
            }
          ]
        }
      ],
      "languages": [
        {
        }
      ],
      "education": [
        {
          "institution": "H/QZj8jJBzJVP4zh/waI7xaLYaKjGBALKDrP68+onFo=",
          "url": "https://www.xing.com/search/members?keywords=xybqIMopo/opgbkJn89gj+DJeOWqjCOKPZta+h0gmEY=",
          "degree": "Biology",
          "eduDuration": "10/2014 - 01/2017"
        }
      ]
    },
    {
      "profile": [
        {
          "sex": "f",
          "memberSince_Hits": "15. Juni 2014 / 485",
          "currJobDescr": "81h5YNjY4PvdZjQGXoyxnumGf6gnkupx6uPsIHWrcHQ=",
          "jobs": [
            {
              "jobTitle": "X5wMyTK1uS5I2xGf7Bu1Sxz5G2TSx3lb2w5pmWN6Tf0=",
              "company": "Ayq5u3lIYhTUo8su5q0WZ7ZLrr2nMOzrk34VmjDTMDvc=",
              "company_url": "https://www.xing.com/companies/go?name=GoXvhtoFBgIK3l5bhJn3uGrwv18SE+Q9ymxGzOc21rU=",
              "jobDuration": "1 Jahr, 6 Monat ",
              "jobDates": "08/2015 - 01/2017"
            },
            {
              "jobTitle": "WaRikO+TD1f15h0VuO2AdpPlPQZfne2iygifJp4+seI=",
              "company": "DnXPgV9moEGI93uyWP0g0UagUyI8l26NdWW+0oSb3jr0=",
              "company_url": "https://www.xing.com/companies/go?name=EEhqQ4Szo6e6nXRY+XZT2Wb8+39+x6xC6REielzJTnk="
            },
            {
              "jobTitle": "WaRikO+TD1f15h0VuO2AdpPlPQZfne2iygifJp4+seI=",
              "company": "BDl5QgrxPRhczF09Ycs+i6RRO5610n6eIVjbjyOQqc5k=",
              "company_url": "https://www.xing.com/companies/go?name=WtwlM9zlQMyRT4TTaXp3QmyHBBLxFsSXVn1syBBe4GA="
            }
          ]
        }
      ],
      "languages": [
        {
        }
      ],
      "education": [
        {
          "institution": "5KqJzlE5dGLtxusfy+FN95miGAGvCjRke8Iz6DQbJow=",
          "url": "https://www.xing.com/search/members?keywords=jO/pOcqWtO0hEfrZN0MZNN3elCClTjMDyxJOB8udlkc=",
          "degree": "Augenoptik, Dellas Optik",
          "eduDuration": "09/2007 - 08/2010"
        },
        {
          "institution": "2cHoQk9+ABPaRxAj+0oqFhlNxEN5qXbpYKOZlexIZI4=",
          "url": "https://www.xing.com/search/members?keywords=iMAOVPiRJy9tVEqfv4VW+jftD1SwBh3pEd1P/ronYKs=",
          "degree": "Augenoptik, Augenoptikmeisterin und staatlich geprüfte Augenoptikerin"
        }
      ]
    },
    {
      "profile": [
        {
          "sex": "f",
          "memberSince_Hits": "27. Mai 2014 / 737",
          "currJobDescr": "sx0jTrsCDIoq8BFqci4LUp6dyo0pPQUTD1Qg1fEjC7A=",
          "jobs": [
            {
              "jobTitle": "AFyxN2v66tXA04Gh8J3lkut7w4FctNXJ0xbpsYnMA6U=",
              "company": "Di5Tgkx4rZhbUl+VRAqqdv0OpaKcjObTO2MTh+lhW2pY=",
              "company_url": "https://www.xing.com/companies/go?name=MeMefzjuMz0ig2Pkbk/8VTkZLT9vMDSiDSj5E11fj7c=",
              "jobDuration": "2 Jahr, 1 Monat",
              "jobDates": "01/2015 - 01/2017"
            },
            {
              "jobTitle": "d01VyswyDQyI8gwOCkOXlTn+40iSO/xgFzg5WIk+3cM=",
              "company": "DYC85xthQe6eqPxr/i1bvPvaCAuESoFpvopbXkGnTNy8=",
              "company_url": "https://www.xing.com/companies/go?name=hbm8WzbuuHqMs7NnaucpEJNiCCEl2nMiSItsanP9dJA=",
              "jobDuration": "6 Jahr, 5 Monat ",
              "jobDates": "09/2010 - 01/2017"
            },
            {
              "jobTitle": "dE1ZUczKs12ziuHOh12QiI43hCQhaoW6jKbgKfQaNO0=",
              "company": "HPsxIfnw0GYSGqClfpFQ5YOaL0sKvLeLGkusdKdxn550=",
              "company_url": "https://www.xing.com/companies/go?name=0BmY82bN5Y9o2kODHaaGR2s7+8LdcO41m7xMlYnyNaA=",
              "jobDuration": "3 Monat ",
              "jobDates": "07/2014 - 09/2014"
            },
            {
              "jobTitle": "p1SMmGHMGHjBoWfNMSfL25XGXQKnnUT89df2lkBbL1c=",
              "company": "KAtqKgyM35cIuRCEh3HeTJNa55SGG/yUwDznHoDustMQ=",
              "company_url": "https://www.xing.com/companies/go?name=b/oLPsh41bdx56GCrdCnfi1Pl4bogjToq5ppvyG7z04=",
              "jobDuration": "3 Monat ",
              "jobDates": "02/2013 - 04/2013"
            }
          ]
        }
      ],
      "languages": [
        {
        }
      ],
      "education": [
        {
          "institution": "OVNuQbHMx59MrGyyObtBiPpGavJ6eNKBv3F59Y5yolM=",
          "url": "https://www.xing.com/search/members?keywords=Ml643IzWqjl+6XGOxRxEDNRrPnMJVArrhoRMyS+u7xg=",
          "degree": "Business Administration, M. Sc.",
          "eduDuration": "10/2014 - 01/2017"
        },
        {
          "institution": "wv6eqG0PgnzTq6VFf2dLVVRELE+X20jo4y9s22wg/Jw=",
          "url": "https://www.xing.com/search/members?keywords=MBXh+M+JS6utog4kZmalZoWXgYN2syVNYRJJKOvsXEA=",
          "degree": "Business Administration",
          "eduDuration": "08/2013 - 12/2013"
        },
        {
          "institution": "201mWjkYs4a0Q9X/0keF6/3uwh5CUwkf/DT69ChMjqk=",
          "url": "https://www.xing.com/search/members?keywords=m8kIyEUuFrs1c0Y/NdtGqD6B/Tto5SvkLIfUzw5wx+I=",
          "degree": "BWL, Bachelor of Science",
          "eduDuration": "10/2011 - 09/2014"
        },
        {
          "institution": "201mWjkYs4a0Q9X/0keF6/3uwh5CUwkf/DT69ChMjqk=",
          "url": "https://www.xing.com/search/members?keywords=m8kIyEUuFrs1c0Y/NdtGqD6B/Tto5SvkLIfUzw5wx+I=",
          "degree": "Rechtswissenschaften",
          "eduDuration": "04/2011 - 09/2011"
        }
      ]
    },
    {
      "profile": [
        {
          "sex": "f",
          "memberSince_Hits": "3. Januar 2013 / 1255",
          "currJobDescr": "faDmHHG/2tGcFQ3ZE5pOeDTkf4SAdye7egWDM/70+RY=",
          "jobs": [
            {
              "jobTitle": "faDmHHG/2tGcFQ3ZE5pOeDTkf4SAdye7egWDM/70+RY=",
              "company": "GH6ccmjXq2nehIUM3Y9TQZfr+Zt7RxFjgPNVZ2Y1+QXY=",
              "company_url": "https://www.xing.com/companies/go?name=4PNTY0rJiwCVRcq1RD+b89WePp3CUusNbnFoKYlYVMc=",
              "jobDuration": "2 Jahr, 4 Monat ",
              "jobDates": "10/2014 - 01/2017"
            },
            {
              "jobTitle": "QqNLupjYfzwCW7fSf1lAdGujl+nesAAf5OJxRueNt4Y=",
              "company": "KpDWPd+BYDnXMpKP6sr9w5vKaNg8Q7J+iuVug5AVe2sI=",
              "company_url": "https://www.xing.com/companies/go?name=XaHq12ndJEptAeT+nmdQa1CEJnw9MN7GwWDdkucSF1Q=",
              "jobDuration": "1 Jahr, 6 Monat ",
              "jobDates": "01/2013 - 06/2014"
            },
            {
              "jobTitle": "YBn+HBihYz7v83WMpnMkt9quSiLH4aMrp9VBTztiXvg=",
              "company": "AbRrGxTs0lvxtPC7oWza7VjsnzT5YPKaGnky5cC0qG/k=",
              "company_url": "https://www.xing.com/companies/go?name=L+d2euKq9MyvBFVbxVgv3U18ZUW/JpZqVzTFMswb7H0=",
              "jobDuration": "1 Jahr, 9 Monat ",
              "jobDates": "04/2011 - 12/2012"
            },
            {
              "jobTitle": "Fu/nIvANanINtdpnBS+Z7GWx7u+XAROJdO1KOazQxHo=",
              "company": "GAPFBZbcYXpluqrwsCcNu7z6XfX+SFLP1vdYaXyKvwz0=",
              "company_url": "https://www.xing.com/companies/go?name=cgh4+XJcPuh6CJyUD+52xKQ4jnigj02Wrqn7++k/SJs=",
              "jobDuration": "2 Jahr, 6 Monat ",
              "jobDates": "10/2008 - 03/2011"
            },
            {
              "jobTitle": "7f1z92l/WeSKIbGbQJwlqh1IAxAKvxBiXsTwdPy5bPY=",
              "company": "GAPFBZbcYXpluqrwsCcNu7z6XfX+SFLP1vdYaXyKvwz0=",
              "company_url": "https://www.xing.com/companies/go?name=cgh4+XJcPuh6CJyUD+52xKQ4jnigj02Wrqn7++k/SJs=",
              "jobDuration": "3 Jahr, 6 Monat ",
              "jobDates": "05/2005 - 10/2008"
            },
            {
              "jobTitle": "HOL29gIw/SJE3ud3WxUudqlpaIdIEpCqFznn8XhB/k8=",
              "company": "B4ESFpv+QLckAkD2AyLPQ8ldup7RCAo9ieZwITt+6U10=",
              "company_url": "https://www.xing.com/companies/go?name=AyIZaqGbj/WBvdGm9AF3Rpj3jqy7LGXqlUp589s3i2Y=",
              "jobDuration": "4 Jahre",
              "jobDates": "05/2001 - 04/2005"
            },
            {
              "jobTitle": "wqfMwRzynDljA68mjOdvhGMVtj/+Lh05w0XI4eFBTdg=",
              "company": "EAtsrnF3SXfjdLDiMavZg8BdIEJOPTtLfehP5Mdt856g=",
              "company_url": "https://www.xing.com/companies/go?name=fD959i0/94DDXafW6jlhMgbzzsrdQlyx0YgczkxaXNs=",
              "jobDuration": "3 Jahr, 4 Monat ",
              "jobDates": "01/1998 - 04/2001"
            },
            {
              "jobTitle": "ocOtX2OyYDACRku6RODC0JiG0CIMGZVyApogYyhTyb0=",
              "company": "EAtsrnF3SXfjdLDiMavZg8BdIEJOPTtLfehP5Mdt856g=",
              "company_url": "https://www.xing.com/companies/go?name=fD959i0/94DDXafW6jlhMgbzzsrdQlyx0YgczkxaXNs=",
              "jobDuration": "2 Jahr, 11 Monat ",
              "jobDates": "02/1995 - 12/1997"
            },
            {
              "jobTitle": "jQillZOfxl9dT1A9ZbKsTvkAC5HdYeODXHONYF3ptd0=",
              "company": "RUbueucn2pfuMxz/sLrvBmB6fwvFGCMHIU9SzASeTPV4=",
              "company_url": "https://www.xing.com/companies/go?name=8POTYBjyjEJWl2So8RGq1H0iPAphZg4hmW0zy4DVOmk=",
              "jobDuration": "4 Jahre",
              "jobDates": "03/1991 - 02/1995"
            }
          ]
        }
      ],
      "languages": [
        {
        }
      ]
    },
    {
      "profile": [
        {
          "sex": "m",
          "memberSince_Hits": "15. September 2008 / 1729",
          "currJobDescr": "NL5qBv8itFLIlZVKWZVaLSvuL8HMygMuSllO6bufLMQ=",
          "jobs": [
            {
              "jobTitle": "NL5qBv8itFLIlZVKWZVaLSvuL8HMygMuSllO6bufLMQ=",
              "company": "N+noPzJAue2W7lrqEdyqfNWEY74iDPoeZQyjSgJxu9L4=",
              "company_url": "https://www.xing.com/companies/go?name=jELd14HRt0Yru5GdajB7PLzK/6Iz5gFRDqsBRsFA1IU=",
              "jobDuration": "4 Jahr, 7 Monat ",
              "jobDates": "07/2012 - 01/2017"
            },
            {
              "jobTitle": "M0NeOHvJ3mzdmvv15RW/Z6c3pU+0mr5b7eRGQYlPOhU=",
              "company": "NFcAfhTQAI3DzjsJU1ljVATA5ImWtjFCSPM5rgFZpfbw=",
              "company_url": "https://www.xing.com/companies/go?name=ZneULJPxJ1IlcSMPBeCuXcST3OZaW7msGcDzQ1ufs/4=",
              "jobDuration": "2 Jahre",
              "jobDates": "07/2010 - 06/2012"
            },
            {
              "jobTitle": "wJ3dOtRM0hCEkkLn1e7WryAWjTH01i4MZ/+d/+o4INg=",
              "company": "N8HqVfR8AdpqZ84aQZp7OEfEq2D5YTE3m7jn85ak0NMI=",
              "company_url": "https://www.xing.com/companies/go?name=kR1n6VE6H4m5uDRAeGDJYh8WCUkmWjTOFvZUjQg4SOk=",
              "jobDuration": "1 Jahr, 2 Monat ",
              "jobDates": "05/2009 - 06/2010"
            },
            {
              "jobTitle": "1dDJk17Jjri2fi0VNOJFyNUOtbHKa0FPHnxvGD1BEQo=",
              "company": "N+noPzJAue2W7lrqEdyqfNWEY74iDPoeZQyjSgJxu9L4=",
              "company_url": "https://www.xing.com/companies/go?name=jELd14HRt0Yru5GdajB7PLzK/6Iz5gFRDqsBRsFA1IU=",
              "jobDuration": "2 Jahr, 4 Monat ",
              "jobDates": "01/2007 - 04/2009"
            },
            {
              "jobTitle": "LbzcUdu0OVC2okb1sv0caG7NqzP+9tQhF/6vo9gCewQ=",
              "company": "MxfYonmktschmwsg4437WPm9RUHyXzTtT+fu7TBWKMso=",
              "company_url": "https://www.xing.com/companies/go?name=h5bsEKviwYSMVNGF/AOfJBNrxjoPVPUhzUKF7XFevIU=",
              "jobDuration": "7 Monat ",
              "jobDates": "04/2006 - 10/2006"
            },
            {
              "jobTitle": "MnDNveQoyCq1bgfr67pRX4nfnnRCJazjgOiXePN8OGU=",
              "company": "SrnAZsEcct3x8wF91Zs84YZq6MkJosB8yAuN0HS+ofEI=",
              "company_url": "https://www.xing.com/companies/go?name=hXS3EquAiEgjs29yWcrQ9Z+8fb78ZAgZVoDAMzv3OnU=",
              "jobDuration": "1 Jahr, 10 Monat ",
              "jobDates": "03/2003 - 12/2004"
            },
            {
              "jobTitle": "uRh/j4ILEdtJmIDnM3fu39Ve/ymc+MVvg2e4yg7QSJ8=",
              "company": "U8xaoOCgp6V6DTTkxqTXo7srZifhHmsePyd5tKHpY46E=",
              "company_url": "https://www.xing.com/companies/go?name=Bg+ygxEiZHwo0uqn1pWKVWnGbiMZ0F63eivILvCiEjQ=",
              "jobDuration": "1 Jahr",
              "jobDates": "01/2003 - 12/2003"
            }
          ]
        }
      ],
      "languages": [
        {
        }
      ],
      "education": [
        {
          "institution": "FEtVq6bASLyHTpSe1pN4HhCNB2kXLpU1V5S0ny/i0C4=",
          "url": "https://www.xing.com/search/members?keywords=JuhikL/b5Xo2qhJzhufx/V/GRc795tox8daKg/fB3c8=",
          "degree": "Medicine, Dr.med.univ. / MD",
          "eduDuration": "09/1997 - 10/2005"
        }
      ],
      "awards": [
        {
        }
      ]
    },
    {
      "profile": [
        {
          "sex": "m",
          "memberSince_Hits": "27. April 2009 / 2437",
          "currJobDescr": "XXRds5bhuLW/TVHMqOj8FeIx4OetwjMISPbbDIPD3eI=",
          "jobs": [
            {
              "jobTitle": "XXRds5bhuLW/TVHMqOj8FeIx4OetwjMISPbbDIPD3eI=",
              "company": "OFBSpu14lhOrKtnkPt0Aup+ccxz0I9GA2st4ot/EnGik=",
              "company_url": "https://www.xing.com/companies/go?name=vuY7SPG+uPY3SB7PMnN39xzRFJSC1fUaOBbBrKOhAqE=",
              "jobDates": "2002 - 01/2017"
            },
            {
              "jobTitle": "Blqg3XD+zAIfjhC90y89ZLVNJBJi3etUzq3OPVSYajQ=",
              "company": "ÄgO9Vydwu9YnpjJtwf2yRjn1n3TLZMvl5G60X4/ZuHm0=",
              "company_url": "https://www.xing.com/companies/go?name=mh3g9h8eI7jAiJgrJLw4q4oElCFctcS9wDoBT8SUUbI=",
              "jobDates": "1996 - 01/2017"
            },
            {
              "jobTitle": "jrjQIQ+3lsxkQ/7QdcZkHKVw83kt9d2W+ba85RnutT4=",
              "company": "ÖmVcahUQLokr6mUGZ96PRN/d2sLtgtMoUf1I/F+iyyFc=",
              "company_url": "https://www.xing.com/companies/go?name=k8crma67+W6J9vjhXA79cT2JGtmHjrVnDtZQm0TkJ1c=",
              "jobDates": "2002 - 2009"
            },
            {
              "jobTitle": "Blqg3XD+zAIfjhC90y89ZLVNJBJi3etUzq3OPVSYajQ=",
              "company": "ÄgO9Vydwu9YnpjJtwf2yRjn1n3TLZMvl5G60X4/ZuHm0=",
              "company_url": "https://www.xing.com/companies/go?name=mh3g9h8eI7jAiJgrJLw4q4oElCFctcS9wDoBT8SUUbI=",
              "jobDates": "1987 - 1996"
            },
            {
              "jobTitle": "X5wMyTK1uS5I2xGf7Bu1Sxz5G2TSx3lb2w5pmWN6Tf0=",
              "company": "Vu2jdsIXzR8o9iBhEAethwlUDjFxsT6zmoNc/tMiho2c=",
              "company_url": "https://www.xing.com/companies/go?name=1HDY/kDVInD2oC7ARq5n6EgTAkmUWxo1J7TeGa5HRUE=",
              "jobDates": "1991 - 1991"
            },
            {
              "jobTitle": "FVFwJUSnRnnxQf1U4bl2acWCYAfXA5TQJ3yiyoAP120=",
              "company": "BWesW04fceCpO6t5Jo/2Kr8WzpTKX++w7UuWzBVBkEaU=",
              "company_url": "https://www.xing.com/companies/go?name=zOV1b5tnwGIj/ATy9PqE+93d848i+QZMNXfa4TqZaxA=",
              "jobDates": "1979 - 1984"
            },
            {
              "jobTitle": "WOQoxM47U72pwx/Wbbd2Vqu9GDS7uZDWMq0j/oWFrEI=",
              "company": "Vu2jdsIXzR8o9iBhEAethwlUDjFxsT6zmoNc/tMiho2c=",
              "company_url": "https://www.xing.com/companies/go?name=1HDY/kDVInD2oC7ARq5n6EgTAkmUWxo1J7TeGa5HRUE=",
              "jobDates": "1983 - 1983"
            },
            {
              "jobTitle": "WOQoxM47U72pwx/Wbbd2Vqu9GDS7uZDWMq0j/oWFrEI=",
              "company": "Vu2jdsIXzR8o9iBhEAethwlUDjFxsT6zmoNc/tMiho2c=",
              "company_url": "https://www.xing.com/companies/go?name=1HDY/kDVInD2oC7ARq5n6EgTAkmUWxo1J7TeGa5HRUE=",
              "jobDates": "1981 - 1982"
            },
            {
              "jobTitle": "6rgV240S9usBRpIhm6hpJzH3hnjhwIdEyyA0w6+nY1U=",
              "company": "Bi8qBfL1uTDFN4LfEV1gOixofS/uwT1QpUiX74M4D95w=",
              "company_url": "https://www.xing.com/companies/go?name=ReOL0m3FTWpaoSUOoWaxDB2s0Xe4A6u/OZ1RYNkc0TE=",
              "jobDates": "1975 - 1979"
            }
          ]
        }
      ],
      "languages": [
        {
        }
      ],
      "education": [
        {
          "institution": "B8agptG76hmY2LUmAYopN3ER/VgQ+/APCVCEws08r58=",
          "url": "https://www.xing.com/search/members?keywords=1C1PcY2Kz6abTeuPkVH17twjOhchT1EGWdlJ6o7AIEs=",
          "degree": "Religion, BE, Techn. Werken, Dipl. Pädagoge"
        }
      ],
      "awards": [
        {
        }
      ]
    },
    {
      "profile": [
        {
          "sex": "f",
          "memberSince_Hits": "11. September 2008 / 2851",
          "currJobDescr": "eFxNGYjCRt8fj/EnqDLf7BDe2qzbyMDQ0SiQhnqZ6HM=",
          "jobs": [
            {
              "jobTitle": "eFxNGYjCRt8fj/EnqDLf7BDe2qzbyMDQ0SiQhnqZ6HM=",
              "company": "SeucgHRIeUx3a8lMK8xFZ/DYJFPm3fgZ3GYVFmogcRHs=",
              "company_url": "https://www.xing.com/companies/go?name=URRFshn3cpbu+iXgZmwwNHU/Jj/MJduQwh3YQ6FwbqQ=",
              "jobDuration": "11 Monat ",
              "jobDates": "03/2016 - 01/2017"
            },
            {
              "jobTitle": "JP2wrlvRSsoOMen8E+XSwhaJJy74wDgSrq3WgeuV9q8=",
              "company": "FQMcVnSSDzHJt38v6JaGLaFRWUtb1PYzOdMi4RmC+xI4=",
              "company_url": "https://www.xing.com/companies/go?name=nKE8iI3fFd9KRijx/agAiUYyqta9RLfvj2zWWVi9SL4=",
              "jobDuration": "2 Monat ",
              "jobDates": "08/2015 - 09/2015"
            },
            {
              "jobTitle": "JP2wrlvRSsoOMen8E+XSwhaJJy74wDgSrq3WgeuV9q8=",
              "company": "Ahuercli+caswy3zG+jg7ZC7dDnD5kV47GO0vPrvQff4=",
              "company_url": "https://www.xing.com/companies/go?name=lPA+qkQPt1YLbzHdfjYVeJQ3QtwTRtdN8b+yL/hETLk=",
              "jobDuration": "1 Monat",
              "jobDates": "08/2015 - 08/2015"
            },
            {
              "jobTitle": "JP2wrlvRSsoOMen8E+XSwhaJJy74wDgSrq3WgeuV9q8=",
              "company": "Cwp7xAPaytVw1CG8dwGe9x93ftxWOXI5RsGHQ4P5HCqo=",
              "company_url": "https://www.xing.com/companies/go?name=NmLaXl0GbApnyl96G87wPpptSpvuDehgyGU+ox7mLA8=",
              "jobDuration": "2 Monat ",
              "jobDates": "07/2013 - 08/2013"
            },
            {
              "jobTitle": "JP2wrlvRSsoOMen8E+XSwhaJJy74wDgSrq3WgeuV9q8=",
              "company": "Splq53HxmvwVSTy+069IUXpQB8xCFHmOEXyHaXOvMce8=",
              "company_url": "https://www.xing.com/companies/go?name=j7ypzqJ/Md3wWUUFOhg6dI23QGxsIL7zvFXM7oIY3pQ=",
              "jobDuration": "1 Monat",
              "jobDates": "06/2013 - 06/2013"
            },
            {
              "jobTitle": "6IxmqA8hoDbnobwuLxQvWOV6tB0aH6/j+PmYchwnfLA=",
              "company": "S6ador/ALyA8NeXnD/7h7/3nrfqDneCzE+ZxXsqSQW7k=",
              "company_url": "https://www.xing.com/companies/go?name=qgOahgCvOIcUl4MO2wocd21SFy4V468P+M2Fmpdiz7U=",
              "jobDuration": "1 Monat",
              "jobDates": "08/2012 - 08/2012"
            },
            {
              "jobTitle": "6IxmqA8hoDbnobwuLxQvWOV6tB0aH6/j+PmYchwnfLA=",
              "company": "So0YvSC1dE0Uep9aFECmnWO8/daeClJ3GNGGrAfdcdWs=",
              "company_url": "https://www.xing.com/companies/go?name=8RpaYm6un80v+Yk/W1SliNs1Cbjj7q6byeE2UzVHbWo=",
              "jobDuration": "1 Monat",
              "jobDates": "08/2011 - 08/2011"
            },
            {
              "jobTitle": "YBn+HBihYz7v83WMpnMkt9quSiLH4aMrp9VBTztiXvg=",
              "company": "OCql75lzDIAU9B/qVwVKwUH9+I1en6BdiNWLSZ9NtYuo=",
              "company_url": "https://www.xing.com/companies/go?name=RbZWQHljMDy9GpUpr1BGSJn9zUXBUiM6yu8wMTYvvuM=",
              "jobDuration": "6 Jahr, 1 Monat",
              "jobDates": "07/2004 - 07/2010"
            },
            {
              "jobTitle": "YBn+HBihYz7v83WMpnMkt9quSiLH4aMrp9VBTztiXvg=",
              "company": "PGOyjZb+teAy0zWkrl99xKEqkXkFaG5RB+XLdIB0Q2P0=",
              "company_url": "https://www.xing.com/companies/go?name=GN8kGCNa1/LLRJ0LnMHgrRgacjOnTtQ2b2q31fq1SD8=",
              "jobDuration": "2 Monat ",
              "jobDates": "03/2010 - 04/2010"
            },
            {
              "jobTitle": "Fr0Hpei6cpgNwLEH0RC5RDoVdII2t0P2/LhRr+rWoAk=",
              "company": "CDMeJwOt9EdVDRvly6gw/EBMEf1Ov6fM8Xvk8VKvQ+oI=",
              "company_url": "https://www.xing.com/companies/go?name=0VFEZV9mxs83TiIvroaHgliYlkPgbKg57Ts9JmKAGCA=",
              "jobDuration": "5 Monat ",
              "jobDates": "11/2009 - 03/2010"
            },
            {
              "jobTitle": "I6CQ2nxUkNguSMwPCFU3htzfc2kHu0QbaCjYnTwdRHw=",
              "company": "sLRWuAJSo3X6LmB6ZX6Kxvlno6xGk2UIr/hU9+yTfR4M=",
              "company_url": "https://www.xing.com/companies/go?name=0A/TQHgeVxnkQVH7UOpec7T2AzQVHDOI4ZtbefMjfy0=",
              "jobDuration": "3 Monat ",
              "jobDates": "10/2008 - 12/2008"
            },
            {
              "jobTitle": "dpbuz33l8N4o40JBuCmRDHOVlFTDX2JlfJzDrYDINTw=",
              "company": "CSJ3DL9I3WwqLBqL6lQoOVVKnDWm+N2n8ptIWbzKdtt0=",
              "company_url": "https://www.xing.com/companies/go?name=6ZPJy8HdpuCMHh6mLy9NkNPiaZlqoYeo/oEYzO6Fa1Y=",
              "jobDuration": "3 Monat ",
              "jobDates": "06/2008 - 08/2008"
            },
            {
              "jobTitle": "O0DV7umYQhFqMKaBMR2XkJWtCC1ukUCBXxL4op7PPDw=",
              "company": "RNTmF4hp07ekG4LvEg8jcSvSfNhO5up3yBWhQwN1fBrE=",
              "company_url": "https://www.xing.com/companies/go?name=RvaQQKAWBzIsN4l0wZ4yAALyCmysIkUrVhsOQZfVYj4=",
              "jobDuration": "3 Monat ",
              "jobDates": "06/2007 - 08/2007"
            },
            {
              "jobTitle": "4yfxQKZ6suos8H5+xRgoaAtBSmkK0Zl9gGIFvAy5wnY=",
              "company": "Manz4vlE13H3JJOsF5JBE1svkv9eXEtlZ91ZpqQ1mOnA=",
              "company_url": "https://www.xing.com/companies/go?name=DngW8Q1cqwvFpUbv6svTX6MOZx2Q9PiV7sTMlSU94m4=",
              "jobDuration": "9 Monat ",
              "jobDates": "10/2006 - 06/2007"
            },
            {
              "jobTitle": "qp4EznqQhAvcu6E2zqhqRvRc+JZTaugMxKK5lLCR+3c=",
              "company": "Myl9CpwLHbQugpIHzZ7mHn+LYVMUmRSvVjn9vqp7rVNY=",
              "company_url": "https://www.xing.com/companies/go?name=MaTXKwQeqgtDR/uHe7TbM/7W019scxdvvsD3YESnR2I=",
              "jobDuration": "4 Jahr, 4 Monat ",
              "jobDates": "03/2002 - 06/2006"
            },
            {
              "jobTitle": "843Cgs3VQZS3fUf+/w9+MoLqzwGInp+EyAqeCK4d+WY=",
              "company": "MqDhCu4dmD8JhSZa//fRkNwmG9jyq4gOdlphdDPr2HHk=",
              "company_url": "https://www.xing.com/companies/go?name=tl7Unxu01wxt5JlRyZJqlD5ETyC8ubTqGj+Z3CXM3zM=",
              "jobDuration": "1 Jahr, 10 Monat ",
              "jobDates": "03/2000 - 12/2001"
            },
            {
              "jobTitle": "KZlIPwV1zGIR/z+u/eJE1KUTzWhkjasKJAjXIJVNmw0=",
              "company": "Mlq5VKI86VE9L3CEmJJlrhbu6o08kwd2SqzvHU8QWaR8=",
              "company_url": "https://www.xing.com/companies/go?name=vFBx99EP+x8FLHbzEtlnFbKBwABrdMlXI1zx/ILZDPA=",
              "jobDuration": "2 Monat ",
              "jobDates": "03/2001 - 04/2001"
            }
          ]
        }
      ],
      "languages": [
        {
        }
      ],
      "education": [
        {
          "institution": "0jq1wiRhqPFRx4CHQBlVIkEOF5MWk5q864tN539t+30=",
          "url": "https://www.xing.com/search/members?keywords=D5b+xZwqUz1YohvqRZYwcYLmxpdcqptNqpifPKNIfbI=",
          "degree": "Medicine, 6year MD Program (2016), Doctor of Medicine",
          "eduDuration": "09/2010 - 06/2016"
        },
        {
          "institution": "5Na3JSDP90ibAEloZ/kbhAGl4chFO1QklGg3e0EhRls=",
          "url": "https://www.xing.com/search/members?keywords=DF0iE28fJrZxcRx2NMmRRcn6N+E/pAsdR2m1hQBolWY=",
          "degree": "International Business, Bachelor of Arts",
          "eduDuration": "09/2006 - 06/2009"
        },
        {
          "institution": "CsXtJ/vbitzBOxm1dYKgPMs/0tqneZuZBC7LNYiP3Oc=",
          "url": "https://www.xing.com/search/members?keywords=b4H+ma5mc7tQeElsvi2MIw00Zr440GlkN3dTtAfg740=",
          "degree": "International Business, Bachelor of Arts"
        }
      ]
    },
    {
      "profile": [
        {
          "sex": "f",
          "memberSince_Hits": "29. Juli 2012 / 918",
          "currJobDescr": "NWfvSB1hq3+K0DhlHGZ8yFycXwyNIiTlVmI3fffRFi4=",
          "jobs": [
            {
              "jobTitle": "NWfvSB1hq3+K0DhlHGZ8yFycXwyNIiTlVmI3fffRFi4=",
              "company": "E40I7u3yPVsYVm9TwrQ4HGRVxoHq/6qIDRMkwZReQK0w=",
              "company_url": "https://www.xing.com/companies/go?name=RkY+fkhOQ7slymS9+ks1qqIeNcPMrRlHt3xX7h9JWdM=",
              "jobDuration": "10 Monat ",
              "jobDates": "06/2011 - 03/2012"
            },
            {
              "jobTitle": "FgHkGhLr1MVFJGvRlvN+19p4cl6a1D/ZtW//ngu7RTE=",
              "company": "s0g5pRNZE8IiHyfV9XEWdCx16lKmgx7th0JkqN7hwQsU=",
              "company_url": "https://www.xing.com/companies/go?name=hbVj3IP0CEn3MD5wLFrBMSFGYbXCV+tr8c2eGm/yINk=",
              "jobDuration": "5 Jahr, 2 Monat ",
              "jobDates": "04/2006 - 05/2011"
            },
            {
              "jobTitle": "o68fD4BP8KXmWPDKQYgqnHKOT5bUgusxr70RSMeXzRU=",
              "company": "s0g5pRNZE8IiHyfV9XEWdCx16lKmgx7th0JkqN7hwQsU=",
              "company_url": "https://www.xing.com/companies/go?name=hbVj3IP0CEn3MD5wLFrBMSFGYbXCV+tr8c2eGm/yINk=",
              "jobDates": "2008 - 2011"
            },
            {
              "jobTitle": "3y0x1fMh4bKp7p+gnFSXa8ovFAbGwhSl9PErtzQUHDE=",
              "company": "SkDf9czDffcJf7ReRC0AYoBU3pSCDEpCrOORAG8auKp0=",
              "company_url": "https://www.xing.com/companies/go?name=PlxdTee4i2EvsjSFZd+iqpwuScID01Q4EUe3YkXc6e0=",
              "jobDates": "2005 - 2006"
            },
            {
              "jobTitle": "Vrxk8eCqRELk4fH47FxSR9UGTjCzS2Iz9573+In2YG0=",
              "company": "MQe+Xfy10CwlnEC6+/R03SXfNpAMyoVF+sIt507vb8BQ=",
              "company_url": "https://www.xing.com/companies/go?name=XDxCJvrPFHmwAJA2Xm1K1AtHffTmFfeoy5+ee6bulTc=",
              "jobDates": "2003 - 2005"
            },
            {
              "jobTitle": "YBn+HBihYz7v83WMpnMkt9quSiLH4aMrp9VBTztiXvg=",
              "company": "FKqMnuZtemOP73pc0Fnr8LBZUJl/4ImgbNBBdE09F0P4=",
              "company_url": "https://www.xing.com/companies/go?name=zcDKc/PWXiORK518oP/wlMZuedRPmTieSBAUjq1Gd44=",
              "jobDates": "2001 - 2002"
            },
            {
              "jobTitle": "I+RGnmOzqPHlFV53AJwuabC+yx2HllpBtTTUpENJP9s=",
              "company": "Hg/6uGIX3ApKR8Z6G+X+3NkdTRrnmgui/1q5bHYSnctY=",
              "company_url": "https://www.xing.com/companies/go?name=Mu1TUEYjCS7Zwb4OZBvBhhwFXR/ri7Nty7f+q71Qj0E=",
              "jobDates": "1996 - 2001"
            },
            {
              "jobTitle": "kLuKDGy6rcePaX1zR0+iW+LQoJgDi4RVSzLvPWTJQiE=",
              "company": "LAM8VkqlarGbbTsB7jCHi8E3MaQ+xarVythDsjlnq02w=",
              "company_url": "https://www.xing.com/companies/go?name=bA8tgilrHOWAWhzumsO0Ph2u8+CXIcJrqubhmLpwaGY=",
              "jobDates": "1992 - 1995"
            },
            {
              "jobTitle": "xU2u6XNhyQTY+nhaGoZjMdVbQu4gtexo8gWOOusK5Bc=",
              "company": "MdKk7P/9wDSrUtV3A9XL3Oy0xToerEkPm4/InSAzeLWA=",
              "company_url": "https://www.xing.com/companies/go?name=H4/cgxckb7pq8L6PYH46E37TSN+qcMaJoQIV1ctnq/U=",
              "jobDates": "1987 - 1992"
            }
          ]
        }
      ],
      "languages": [
        {
        }
      ],
      "education": [
        {
          "institution": "B7VdXrFr38hb1Ew8HwHejmW2AmGOmJQHoULUyup8LTc=",
          "url": "https://www.xing.com/search/members?keywords=7DD7Qsl50coOinjJxhUF/sSxpTjvuH+VrwAoRi1gzFc=",
          "degree": "LIC. SCI. IN EDUCATION",
          "eduDuration": "09/2002 - 09/2004"
        },
        {
          "institution": "l+mhmrRzD0t8oBUYekwCwU1FdhFx/h7zHH474kZbJ9k=",
          "url": "https://www.xing.com/search/members?keywords=GNGun7nPstKQzAduVBQ0hrjy6Gz/25WzvpimXW/kWI8=",
          "degree": "CERTIFICATE TASKMASTER MEDICAL ASSISTANT,",
          "eduDuration": "09/1997 - 09/1997"
        },
        {
          "institution": "3paxJchodGrovdoVSmVCPr7UZcfHh1NC5mtQPJ5N2XM=",
          "url": "https://www.xing.com/search/members?keywords=VFSy71OTq81Api+PS3iUWQi10J5/zv8qzFB1KpaJw2M=",
          "degree": "DIPLOMA MEDICAL ASSISTANT",
          "eduDuration": "09/1984 - 06/1987"
        }
      ]
    },
    {
      "profile": [
        {
          "sex": "f",
          "memberSince_Hits": "8. März 2014 / 1955",
          "currJobDescr": "2P0e5nlY9T1lIDEQ9va9qL/EjsJtrvcO/q1c0TBD/T0=",
          "jobs": [
            {
              "jobTitle": "2P0e5nlY9T1lIDEQ9va9qL/EjsJtrvcO/q1c0TBD/T0=",
              "company": "BEpW3ZDxbUt5qcT4Z07Vx465Jh7wrmfRPmxtokiJ2wEQ=",
              "company_url": "https://www.xing.com/companies/go?name=wHDxibLD/lC/FAOd0782eQoZEGEVkHnKKZZJ++kNFxk=",
              "jobDuration": "3 Jahr, 4 Monat ",
              "jobDates": "10/2013 - 01/2017"
            },
            {
              "jobTitle": "4y9+G+sE7O/0BN+xsEEOP8+5y3trga4krb+gIGSpg9w=",
              "company": "B5ye3kX2KG95Pm8+FrjxiPJ+L1OmOHpbUVnU4TBoz210=",
              "company_url": "https://www.xing.com/companies/go?name=2nuby8Q+cpkX8plUyzc3NLq/G/byHJEsDEm5W8Vwg7o=",
              "jobDuration": "1 Jahr, 8 Monat ",
              "jobDates": "02/2012 - 09/2013"
            },
            {
              "jobTitle": "8BxuK9gE/xbl26Bk9y1CH3c7+2rIUo3prAeHkoe/epo=",
              "company": "MaAGMjCWbDkcPY61cmdI/72yrdja8OMezB4U912KdJ08=",
              "company_url": "https://www.xing.com/companies/go?name=uFqBTaVwcH5gMRLzaifVexfCFZNU9EG2OSzBTt2aWEY=",
              "jobDuration": "4 Jahr, 11 Monat ",
              "jobDates": "02/2007 - 12/2011"
            },
            {
              "jobTitle": "cRO64JHyQwM12OkSppwStTyeaetSs0ngfNm0+52M3e8=",
              "company": "PvaxJYPW93uGBz3NNsQn6HZJfgFTTlsDjdUvwHp6/U4E=",
              "company_url": "https://www.xing.com/companies/go?name=qsIqD//gROcBEAnD4VRfEeqVsJdhm4EQ2UsH8GGjw/A=",
              "jobDuration": "1 Jahr, 1 Monat",
              "jobDates": "02/2006 - 02/2007"
            },
            {
              "jobTitle": "Qpegx88s8rZb0xS3EaJNNyRhduTBq1VCyiM4fe/q8ns=",
              "company": "UFQXbaNRpO/snfXDeHpDNqbQvm5ycL4WUJK5D+i9qwHU=",
              "company_url": "https://www.xing.com/companies/go?name=g8ocyy7nhsFEMJV5CH1Uwi9TBiUP/yAGPlQLSPQ9bwc=",
              "jobDuration": "1 Jahr, 4 Monat ",
              "jobDates": "10/2004 - 01/2006"
            },
            {
              "jobTitle": "8BxuK9gE/xbl26Bk9y1CH3c7+2rIUo3prAeHkoe/epo=",
              "company": "MaAGMjCWbDkcPY61cmdI/72yrdja8OMezB4U912KdJ08=",
              "company_url": "https://www.xing.com/companies/go?name=uFqBTaVwcH5gMRLzaifVexfCFZNU9EG2OSzBTt2aWEY=",
              "jobDuration": "1 Jahr, 1 Monat",
              "jobDates": "10/2003 - 10/2004"
            },
            {
              "jobTitle": "N0LMGOgU0n5D/2pYH4+Wn0oaRy/Nk1GN0ju2rIv2mlQ=",
              "company": "PvaxJYPW93uGBz3NNsQn6HZJfgFTTlsDjdUvwHp6/U4E=",
              "company_url": "https://www.xing.com/companies/go?name=qsIqD//gROcBEAnD4VRfEeqVsJdhm4EQ2UsH8GGjw/A=",
              "jobDuration": "1 Jahr, 2 Monat ",
              "jobDates": "09/2002 - 10/2003"
            },
            {
              "jobTitle": "8BxuK9gE/xbl26Bk9y1CH3c7+2rIUo3prAeHkoe/epo=",
              "company": "KFnzCUpskjCJt9Rs6tmEbuNh+BkSJKshkt38N4M4EQlI=",
              "company_url": "https://www.xing.com/companies/go?name=opX2FHetMPWygfd4XMDjKbkrmI857pcvOzn+JPIMsrk=",
              "jobDuration": "2 Jahr, 8 Monat ",
              "jobDates": "01/2000 - 08/2002"
            }
          ]
        }
      ],
      "languages": [
        {
        }
      ],
      "education": [
        {
          "institution": "E9pHO1kx+mDGMVqbQ1zzY44cxf7Fo0fulj7ysbvAPlg=",
          "url": "https://www.xing.com/search/members?keywords=VFIKFhMVqwNz22BIZNNH6uQXgxNYyHCAOAIhDNXZCAg=",
          "degree": "Human medicine, State examination",
          "eduDuration": "10/1991 - 12/1999"
        }
      ]
    },
    {
      "profile": [
        {
          "sex": "f",
          "memberSince_Hits": "2. Oktober 2013 / 903",
          "currJobDescr": "mE6ZBj+y9XKB4e7g9F14qVGOTpn0TFJk6AUU0phpr6o=",
          "jobs": [
            {
              "jobTitle": "mE6ZBj+y9XKB4e7g9F14qVGOTpn0TFJk6AUU0phpr6o=",
              "company": "PqdaetQ39agfZdx7DvhW/LUC9f6OkCZsrUitcUYv6mMw=",
              "company_url": "https://www.xing.com/companies/go?name=peF1d7+yzfQdwy35HdIMbOwGjAIDpTTR/w3qivKUz7U=",
              "jobDates": "2014 - 01/2017"
            },
            {
              "jobTitle": "YBn+HBihYz7v83WMpnMkt9quSiLH4aMrp9VBTztiXvg=",
              "company": "BS1YMk3YdCkVEn+mdVgNjA3khT7ZwRjR/UGDubqYlJKc=",
              "company_url": "https://www.xing.com/companies/go?name=eZut/0cvuKYF4d9bbs2sRhG5/mlMDeFK92gCPFIiR34=",
              "jobDates": "2012 - 2012"
            },
            {
              "jobTitle": "jZiJdI4AmSf/aN7hE+siDPR45qKRvcaF/WiUqpGgZZ0=",
              "company": "S+/bA2Fru+8X3B/xgLsCGj+D2WM7asri142L0oJTYUac=",
              "company_url": "https://www.xing.com/companies/go?name=AgRV/hGNGGxCqNYG9Z5hlau/RrEUrN4e+sLLsglZzVc=",
              "jobDates": "2008 - 2011"
            },
            {
              "jobTitle": "jqZEtxwdAPyDPkX4vlkcWVqTI5bnfIpEqPERmxdsXF8=",
              "company": "P2U/tIJ9KyI/cHBUIthN4nbC5176uW7Afg5liLjsln4s=",
              "company_url": "https://www.xing.com/companies/go?name=z7RNd5BqytTDUROYJ/djwaIT8Hi+605670zalTLcyDc=",
              "jobDates": "2006 - 2008"
            },
            {
              "jobTitle": "PXOs6tIThx6z3YjKug8YyCjX9gyHU2RLQzohQCoBH1Y=",
              "company": "sj4Hcj59tYmGay7Bw3yTTp4RO0vAPXnTdYYYQi9OVsnw=",
              "company_url": "https://www.xing.com/companies/go?name=7j9fxEoCt1RA+zRiYOUtb1auKGWSNOe37cjwSCP4+OA=",
              "jobDates": "2006 - 2006"
            },
            {
              "jobTitle": "84drZSz52JOC2diuVw1UwRitOY838Zjlsf6QCzEVceg=",
              "company": "dJ2urKGqgVFO9Ws9SfAnZNkP2+rU88g/MK6lASgEmg5Y=",
              "company_url": "https://www.xing.com/companies/go?name=xGKGqWXv+sh/gmjVRyrl+OdrA5PT4Al+zlEY1ruw88E=",
              "jobDates": "2004 - 2006"
            },
            {
              "jobTitle": "hikIgVHTzvoeB60wRkqK5CWV/UNUueg9M/A7Dj7Z9Sk=",
              "company": "sAWv40deAgY2u2T2yTYa3Wk4JqtSXiH9Nqkmw5v/XqUU=",
              "company_url": "https://www.xing.com/companies/go?name=1KiYromtsV25M9qwsL0zkE4keX2SMrpftAm6h24PlX4=",
              "jobDates": "2002 - 2004"
            },
            {
              "jobTitle": "2LvGOIQY7F0ImD9Xrkt0kV1igSCCfdlHCwqJSRSWHMo=",
              "company": "Ao2HZAEcQcVtN9DAP3J9wgV6TGrzEs8bEH+VL7KuBw/E=",
              "company_url": "https://www.xing.com/companies/go?name=vuKXC0bVsrQbOeXM4ts8sJduezqsrRIgClnAuzd+tVM=",
              "jobDates": "1999 - 2002"
            },
            {
              "jobTitle": "C7rM9qd8mYPlC6dPmpQmncWxVlR/JHPiNmmGEusDV3Q=",
              "company": "-7iGgXMH4Udmk0O880dH8PMVDivwTL3EGHyWOjHQr8MU=",
              "company_url": "https://www.xing.com/companies/go?name=q5Ip9qnRjREdN6i7wv5NV5zcpYZznAnfdl+JlYox9QU="
            }
          ]
        }
      ],
      "languages": [
        {
        }
      ],
      "education": [
        {
          "institution": "nfVHHui/aaXM/qO0UOSh+75F88e2PzIkA5TGVVdgm+g=",
          "url": "https://www.xing.com/search/members?keywords=FZx0lIPRuRAk/CI3263aVnxWb2W+OzOKPriBP4f/Zqo=",
          "degree": "Apotheke, Pharma-Assistentin",
          "eduDuration": "08/1996 - 08/1999"
        }
      ]
    },
    {
      "profile": [
        {
          "sex": "m",
          "memberSince_Hits": "28. September 2010 / 1437",
          "currJobDescr": "5WxPz5vUQiE5DaLacQz0jWCldSvgGw+hMlYLfi8vdGI=",
          "jobs": [
            {
              "jobTitle": "QEd090oj0s8xmoI67xVEpUtmkA1wKLIn2VJ5ljDfn3M=",
              "company": "Dn4Zdq5sCJegjSi+5Xv/npImD4H+4LbJ4XMwwZnpl0ks=",
              "company_url": "https://www.xing.com/companies/go?name=D81tOxVmkifXXWZYTa/Uo7h8AbXcwcoxewVNX/VIjbE=",
              "jobDuration": "2 Jahr, 4 Monat ",
              "jobDates": "10/2014 - 01/2017"
            },
            {
              "jobTitle": "bC0Kr77xActQNAJmWloXdui2MX1ZsOdIdQYM3ZpG30Y=",
              "company": "MnqEwyIUb/68Gf3eYfrwhqH3TvzKEjtvYaIIQnZvbfjk=",
              "company_url": "https://www.xing.com/companies/go?name=I5lQ6qZfqXbzS5aC4FUQAp9M3mFrE6c6Wr+3krwMDP0=",
              "jobDuration": "7 Jahr, 4 Monat ",
              "jobDates": "10/2009 - 01/2017"
            },
            {
              "jobTitle": "QEd090oj0s8xmoI67xVEpUtmkA1wKLIn2VJ5ljDfn3M=",
              "company": "IvhNidTjH4AuWUilGDsoX+UH8OkQfoA0Tel1hpj9LqNk=",
              "company_url": "https://www.xing.com/companies/go?name=gWEv8FnjOablpydTXcssOcqBUQU2egiky3hwR1YZ/zI=",
              "jobDuration": "10 Monat ",
              "jobDates": "11/2013 - 08/2014"
            },
            {
              "jobTitle": "QEd090oj0s8xmoI67xVEpUtmkA1wKLIn2VJ5ljDfn3M=",
              "company": "Dn4Zdq5sCJegjSi+5Xv/npImD4H+4LbJ4XMwwZnpl0ks=",
              "company_url": "https://www.xing.com/companies/go?name=D81tOxVmkifXXWZYTa/Uo7h8AbXcwcoxewVNX/VIjbE=",
              "jobDuration": "1 Jahr",
              "jobDates": "10/2012 - 09/2013"
            },
            {
              "jobTitle": "bC0Kr77xActQNAJmWloXdui2MX1ZsOdIdQYM3ZpG30Y=",
              "company": "MJ/bODzF+SH/bOAWHZFz/JpFPDHQ9UaX0P3eCW9eYl1c=",
              "company_url": "https://www.xing.com/companies/go?name=IrF0em37sHv3Zv4Gy/8lFTv1p0IRbnm5BI2ARxJtydI=",
              "jobDuration": "3 Jahr, 1 Monat",
              "jobDates": "10/2008 - 10/2011"
            },
            {
              "jobTitle": "JQeQ7/ZoMMisXyHPD96V5R3EOveWUL1xYU4eWO4/yQg=",
              "company": "JrBkpd/bvygS4Gr9W4sd1pDaEi2u7ZnRQHxIYBS+fFfo=",
              "company_url": "https://www.xing.com/companies/go?name=E3rI6BrRfK4KPlGKDqX6v3IITlsi9/vN/bxSv04Fy9s=",
              "jobDuration": "3 Jahr, 6 Monat ",
              "jobDates": "04/2008 - 09/2011"
            }
          ]
        }
      ],
      "languages": [
        {
        }
      ],
      "education": [
        {
          "institution": "XCTrjseLruTurvKjD7RlSDscqQRxLEKaJmvZ7m/Icqw=",
          "url": "https://www.xing.com/search/members?keywords=JUdroxbc6P31jIeDWqp41zGU2zBu8Tf7XfIP72MWeVA=",
          "degree": "Cardiovascular and Pulmonary Disease, Dr.scient.med./Clinical PhD",
          "eduDuration": "2012 - 2015"
        },
        {
          "institution": "H/QZj8jJBzJVP4zh/waI7xaLYaKjGBALKDrP68+onFo=",
          "url": "https://www.xing.com/search/members?keywords=xybqIMopo/opgbkJn89gj+DJeOWqjCOKPZta+h0gmEY=",
          "degree": "Public Health, MPH",
          "eduDuration": "2011 - 2013"
        },
        {
          "institution": "XCTrjseLruTurvKjD7RlSDscqQRxLEKaJmvZ7m/Icqw=",
          "url": "https://www.xing.com/search/members?keywords=JUdroxbc6P31jIeDWqp41zGU2zBu8Tf7XfIP72MWeVA=",
          "degree": "Humanmedizin, Dr.med.univ./MD",
          "eduDuration": "2006 - 2012"
        }
      ],
      "awards": [
        {
        }
      ]
    },
    {
      "profile": [
        {
          "sex": "f",
          "memberSince_Hits": "9. September 2014 / 1180",
          "currJobDescr": "FpuKPbV05HEY4JCpdpbVkK0CiwADVs5j/9RknFMTtHA=",
          "jobs": [
            {
              "jobTitle": "FpuKPbV05HEY4JCpdpbVkK0CiwADVs5j/9RknFMTtHA=",
              "company": "IHCmBduPOQbt8t8t+6ggmzgBxShqHk31JkfSMXCIqqkQ=",
              "company_url": "https://www.xing.com/companies/go?name=YLZhbXBUoqEOuT6LYuk9jb32PNQMP8bbSbD+rfoUnIs=",
              "jobDuration": "2 Jahr, 7 Monat ",
              "jobDates": "07/2014 - 01/2017"
            },
            {
              "jobTitle": "cUkUGZHRfFzd3deoL8at6aZO5cGQZdcnd1OQlxZ/VmY=",
              "company": "In5qAv2SBjnZva40trxzR+vFM5TI9dIJ7QOKAtT2r8HU=",
              "company_url": "https://www.xing.com/companies/go?name=MUZN40HV2iPARORGTr9rnESa1dgpSBR5GCapJSCh8O4=",
              "jobDuration": "2 Jahr, 3 Monat ",
              "jobDates": "11/2014 - 01/2017"
            },
            {
              "jobTitle": "JXeyvx1tJ+USTbel2xaout+FXLmpRFzjfK+q6XkrAoM=",
              "company": "MyRKWlW6/9oJrIoi78Mf4y88dFhT+MkMyNAZVuNiYpyE=",
              "company_url": "https://www.xing.com/companies/go?name=Drt53u5VWb7c1fwsBODYFW9WTKW8fyc5E760pgwB3wo=",
              "jobDuration": "4 Jahr, 3 Monat ",
              "jobDates": "04/2010 - 06/2014"
            },
            {
              "jobTitle": "CZiCVHPb6hCp50atQK70dOL6STD1UxRHTnqeJazVhGc=",
              "company": "A58Q2Vr1tXv68zVcTAhnaXtaP3WfIBEZjDExKjgvV6YQ=",
              "company_url": "https://www.xing.com/companies/go?name=um6K8GetqN9J9c0rWa1Ul1V3KBQjpCeoEgIw1XsNcSI=",
              "jobDuration": "2 Jahre",
              "jobDates": "04/2008 - 03/2010"
            },
            {
              "jobTitle": "8VqCTUjNl1KinYLy0P8tvUjPnXG7iu03ZiTxU/8GuSg=",
              "company": "Azx1VvmR4SAOxD5+SRBbd8MlEElGzjpximi2pzpbMFrU=",
              "company_url": "https://www.xing.com/companies/go?name=dxiWe37UfxVbqjJ+qAl7qP/JcLfuLfQy9lsYsCWsHtU=",
              "jobDuration": "5 Jahr, 3 Monat ",
              "jobDates": "01/2003 - 03/2008"
            },
            {
              "jobTitle": "GRUg/poLMRr2ITKS7YiOtGwIqCHK032yxouPWt6XtCk=",
              "company": "A58Q2Vr1tXv68zVcTAhnaXtaP3WfIBEZjDExKjgvV6YQ=",
              "company_url": "https://www.xing.com/companies/go?name=8y5sl74fvNk6W+OcaqVTkwNPNQcmxo78t4TGysz1tdU=",
              "jobDuration": "4 Jahr, 6 Monat ",
              "jobDates": "07/1998 - 12/2002"
            },
            {
              "jobTitle": "xlX0Ex8682vq1XPTGTAgfzuQDMpE2OOpfTvbzgkLfpY=",
              "company": "A58Q2Vr1tXv68zVcTAhnaXtaP3WfIBEZjDExKjgvV6YQ=",
              "company_url": "https://www.xing.com/companies/go?name=8y5sl74fvNk6W+OcaqVTkwNPNQcmxo78t4TGysz1tdU=",
              "jobDuration": "5 Jahr, 8 Monat ",
              "jobDates": "11/1992 - 06/1998"
            },
            {
              "jobTitle": "TBYL3QUfvvX+FAMNCWZ0qbwyyVeGPoA2padnbL4BoX0=",
              "company": "A58Q2Vr1tXv68zVcTAhnaXtaP3WfIBEZjDExKjgvV6YQ=",
              "company_url": "https://www.xing.com/companies/go?name=um6K8GetqN9J9c0rWa1Ul1V3KBQjpCeoEgIw1XsNcSI=",
              "jobDuration": "10 Monat ",
              "jobDates": "01/1992 - 10/1992"
            },
            {
              "jobTitle": "fIDJQkX9EIyLvsdJmHALL31vyTLNhL9fcR7f4rWHRAo=",
              "company": "A58Q2Vr1tXv68zVcTAhnaXtaP3WfIBEZjDExKjgvV6YQ=",
              "company_url": "https://www.xing.com/companies/go?name=um6K8GetqN9J9c0rWa1Ul1V3KBQjpCeoEgIw1XsNcSI=",
              "jobDuration": "1 Jahr, 3 Monat ",
              "jobDates": "10/1990 - 12/1991"
            },
            {
              "jobTitle": "62qlmv4IchblL+4m7vBQbItZeZmF4xgGkv+c6LUzZUY=",
              "company": "Ow6vyAzxFCEBcHDakMaTu/7267we0FdWY1RgK0D9nN38=",
              "company_url": "https://www.xing.com/companies/go?name=lNc9tUuc8CHxQhW9aDOxcB/3FQgRzL28rTLzXwoXFE0=",
              "jobDuration": "11 Jahre",
              "jobDates": "10/1979 - 09/1990"
            }
          ]
        }
      ],
      "languages": [
        {
        }
      ],
      "education": [
        {
          "institution": "XCTrjseLruTurvKjD7RlSDscqQRxLEKaJmvZ7m/Icqw=",
          "url": "https://www.xing.com/search/members?keywords=JUdroxbc6P31jIeDWqp41zGU2zBu8Tf7XfIP72MWeVA=",
          "degree": "Humanmedizin, Dr. univ. med.",
          "eduDuration": "09/1997 - 06/2007"
        }
      ]
    },
    {
      "profile": [
        {
          "sex": "m",
          "memberSince_Hits": "8. April 2008 / 1176",
          "currJobDescr": "qjU2Jxm9Dm47UkiLGh7c1aTWr+DKDgHr8Ngk1D3GvFc=",
          "jobs": [
            {
              "jobTitle": "qjU2Jxm9Dm47UkiLGh7c1aTWr+DKDgHr8Ngk1D3GvFc=",
              "company": "St1ExFznigRBlH/K62saEnRKWVTjfWYrRhGCSZGxM2H4=",
              "company_url": "https://www.xing.com/companies/go?name=RGjYcT7KFT0PbcsjA8eqxNprAxo7994dxVyePp57XUY=",
              "jobDuration": "8 Jahr, 7 Monat ",
              "jobDates": "07/2008 - 01/2017"
            },
            {
              "jobTitle": "ZSu3cP74Iz7qI4XLM7TRU9hPhfc/82HrK7uHKuxEji0=",
              "company": "MSL3nKhTR2pDnxiOMkF/EsY6VJS7OccnOSjru33sTM4o=",
              "company_url": "https://www.xing.com/companies/go?name=HVbWQkaqv9HN2OA115cAVY3cFeqWETZ4K88lyeCh/FI=",
              "jobDuration": "2 Jahr, 4 Monat ",
              "jobDates": "07/2006 - 10/2008"
            },
            {
              "jobTitle": "Yc+CQNdxqMGxmhpKl524HhMV+li+u3hjloYWWD//7lE=",
              "company": "OGiCwD6UODElj04oDmIchDUaWQ2xY6k3F9BRhxg6cenw=",
              "company_url": "https://www.xing.com/companies/go?name=PmpnFUM7eD1qsVbiH41WflpFPLSIqTJHRITSI5ob67U=",
              "jobDuration": "1 Jahr, 2 Monat ",
              "jobDates": "06/2005 - 07/2006"
            },
            {
              "jobTitle": "D7ASAXvGmJ71+StO5J4HYUXHYMG1/cJI4SqWeRGHvY4=",
              "company": "SR65e62XHGHZs+EXqZhhsS0qI3zvp1Rht71oxUH1RbcM=",
              "company_url": "https://www.xing.com/companies/go?name=m8GkzzP36ST1Una2suAQRj7o4otYudIOGYwPs1BD8uU=",
              "jobDuration": "1 Jahr, 10 Monat ",
              "jobDates": "09/2003 - 06/2005"
            }
          ]
        }
      ],
      "languages": [
        {
        }
      ],
      "education": [
        {
          "institution": "l6aJpkkshTJ3p0P2d2weguysnG9VFpPMtKNlfPe7MC4=",
          "url": "https://www.xing.com/search/members?keywords=1mhKl0+rPMBXoyFMjG6zyFibVeF34rknZ5SGl9KeXfI=",
          "degree": "Nursing, In progress",
          "eduDuration": "2003 - 01/2017"
        }
      ]
    },
    {
      "profile": [
        {
          "sex": "f",
          "memberSince_Hits": "10. März 2015 / 90",
          "jobs": [
            {
              "jobTitle": "AjXtHObllEj9obndcbl3OI76sT6YNeNf7MH+wolWShI=",
              "company": "Ksz9mTka7thMm0Hd3Jl4+MCpn6EE8nEH3Kb3lipEvpBI=",
              "company_url": "https://www.xing.com/companies/go?name=YrqJ9/1EsVQai2HrBdzwZwxQ5abxB8aPvc6aGn3+VJI="
            },
            {
              "jobTitle": "rAOBXeFD2pH8wcTVejFtbFWE3JmeYEY1mB06DCvnLlI=",
              "company": "AdGKdlwiWWbXTBPvMPpN5rHMTm3s6C//bc4124qjjPUU=",
              "company_url": "https://www.xing.com/companies/go?name=ggoteWLYoRDhsJU6hfipoiGq2DOq8zgqpKFsg0cU39Q="
            },
            {
              "jobTitle": "EDn19uYksV8uGYK72OchtOXdfDaVtDgcvH+5qb8H7GM=",
              "company": "KyMN77+XJUfLr9I0xPehLpeFVF/tM7KORDOXNiyxtObc=",
              "company_url": "https://www.xing.com/companies/go?name=xL0GNt/YjkJf8vpSYT/ofZeZK16DBBrPaxwYEaMFCOc="
            },
            {
              "jobTitle": "wjeN3XENLsjonVvZ17K553hdFqKxtkhRbczmEnFcXaM=",
              "company": "CMbR+vggQpk2S7g17qimAwlkKoaZH4B3bhb4p6uJTXYk=",
              "company_url": "https://www.xing.com/companies/go?name=MhlZqQ9at8k7K6ACg0l9RbWG09M2xhxn/htxN55nNRM="
            }
          ]
        }
      ],
      "languages": [
        {
        }
      ],
      "education": [
        {
          "institution": "jvby3fPETzz/TTtMOgI4xYF1NYmV2Lyx7FGpBOAA2oI=",
          "url": "https://www.xing.com/search/members?keywords=iCB63LFwJnoa12FMvAXlkpkyBLmNhLja5KFqDPPo0vg=",
          "degree": "Medicine, Medical Assistant"
        }
      ]
    },
    {
      "profile": [
        {
          "sex": "m",
          "memberSince_Hits": "26. Januar 2015 / 922",
          "currJobDescr": "KLCieR6BHVcHBFKs6mFzh8jXZlHHTOVKNaykwS2krkM=",
          "jobs": [
            {
              "jobTitle": "KLCieR6BHVcHBFKs6mFzh8jXZlHHTOVKNaykwS2krkM=",
              "company": "N5VubBkjN7tI5MZyNBbNOK7U6Npfm021ZNan1MT5aqmg=",
              "company_url": "https://www.xing.com/companies/go?name=kxeA/M0n9DqQFJZVGvOe0NGtM7enNoLfr+Wzlnix4dk=",
              "jobDuration": "3 Jahre",
              "jobDates": "02/2014 - 01/2017"
            },
            {
              "jobTitle": "0OSOG5UrdgHtDCmvtHyAt/Hj2odYmkK/eMMvX932ekQ=",
              "company": "i4xC9H6jj3HD2ylEcnvrKIGBoAYoPWz0Yajg1IrMjwS0=",
              "company_url": "https://www.xing.com/companies/go?name=zBHmaKPiveTChIQCwrIirxljs3GNP8dmbWrPJi6LLUc=",
              "jobDuration": "8 Monat ",
              "jobDates": "06/2016 - 01/2017"
            },
            {
              "jobTitle": "0OSOG5UrdgHtDCmvtHyAt/Hj2odYmkK/eMMvX932ekQ=",
              "company": "Q9rDzD4mnDptv68duwiEQRc0iCLYCwMyMxCTKVjwBNkI=",
              "company_url": "https://www.xing.com/companies/go?name=YwHpGytBxVkgvEJ/BRlxK8FSExbtdM7bzn3O5BmwVVM=",
              "jobDuration": "7 Monat ",
              "jobDates": "12/2015 - 06/2016"
            },
            {
              "jobTitle": "jYJjnBoY6wx1HVvj9Bn8n1/7aKflnJeGp4Aa1ZzeW9Y=",
              "company": "HyMIq9jR5gFASWfteGa4gj3CwXnM0nUp2d8DAgzKsOKA=",
              "company_url": "https://www.xing.com/companies/go?name=fLajTIB1Xe4YrKUeCSG6DxqirssqwptQUdB3CHN9NPc=",
              "jobDuration": "3 Jahr, 1 Monat",
              "jobDates": "01/2011 - 01/2014"
            },
            {
              "jobTitle": "dO001sKZ+zrLo9ix8pZP2LmYhys8+oXtG2QM2iiDFeI=",
              "company": "OC6Tnp848wBWqCrRSDmYpsQW3H6gbRseIrMzUMqq0Eqs=",
              "company_url": "https://www.xing.com/companies/go?name=uKwPUH1GF3szTIBiY8gW0YrbniR8Cp5cseFXepQq8AA=",
              "jobDuration": "10 Monat ",
              "jobDates": "03/2010 - 12/2010"
            },
            {
              "jobTitle": "dO001sKZ+zrLo9ix8pZP2LmYhys8+oXtG2QM2iiDFeI=",
              "company": "HnHcg/GUwzwjx1krkWt9+7nppvoWjD07X6TBWQtxud9A=",
              "company_url": "https://www.xing.com/companies/go?name=XB9nFYJ0pxFRC1/0qR1SQbHGgxET4z32hsy2lRzxZBc=",
              "jobDuration": "2 Jahr, 1 Monat",
              "jobDates": "02/2008 - 02/2010"
            },
            {
              "jobTitle": "YBn+HBihYz7v83WMpnMkt9quSiLH4aMrp9VBTztiXvg=",
              "company": "DX8NMPX4Jq58Hlk2aWvK2nMrlPad02f4LFShrSlfq9BI=",
              "company_url": "https://www.xing.com/companies/go?name=JvcQuZL0NRdWTfHjBAEHnhs7NziDGHJXVGsNJeqzvek=",
              "jobDuration": "4 Monat ",
              "jobDates": "05/2007 - 08/2007"
            }
          ]
        }
      ],
      "languages": [
        {
        }
      ]
    },
    {
      "profile": [
        {
          "sex": "f",
          "memberSince_Hits": "6. August 2014 / 1134",
          "currJobDescr": "2+fANoTxbjF3yvqMVGsYqQoUI3gssR6YzTcsfQLo8ag=",
          "jobs": [
            {
              "jobTitle": "2+fANoTxbjF3yvqMVGsYqQoUI3gssR6YzTcsfQLo8ag=",
              "company": "DAVqGIXKU3LIEf/mU8vBhdVHL4L3maN+LiDa0clzKBOU=",
              "company_url": "https://www.xing.com/companies/go?name=BMq7JcncOQLmAJ0Sa9UXiu9boYrWhX+d7JkCQhT6Y9s=",
              "jobDuration": "7 Monat ",
              "jobDates": "07/2016 - 01/2017"
            },
            {
              "jobTitle": "2jc8spjPjXUc5/tB3UHqolFo2Cs1ouK4f9FafD5uKas=",
              "company": "VWChSk2h8mZ1qQbgAndJFpRG1cLwEsFiij0JDNjYDDzY=",
              "company_url": "https://www.xing.com/companies/go?name=dvAicbq9qUPEY01iGBdR9PMTPUM6Ba7y47gAbuBZp68=",
              "jobDuration": "9 Monat ",
              "jobDates": "05/2016 - 01/2017"
            },
            {
              "jobTitle": "2jc8spjPjXUc5/tB3UHqolFo2Cs1ouK4f9FafD5uKas=",
              "company": "BmC+buHTFd4Kh9Hw+nFh1We5z/XwxGkWCiHeBSarhXaQ=",
              "company_url": "https://www.xing.com/companies/go?name=kdlsIwsy4yUCHtfxCrKIqRvblagIoRItm6gxhUMUvKg=",
              "jobDuration": "3 Jahr, 9 Monat ",
              "jobDates": "05/2013 - 01/2017"
            },
            {
              "jobTitle": "YBn+HBihYz7v83WMpnMkt9quSiLH4aMrp9VBTztiXvg=",
              "company": "MrF5Vu7CIuUUcbeojKUITLjR8/H6wrth4cjkk8fb2bs0=",
              "company_url": "https://www.xing.com/companies/go?name=8J469+Ud1nfdN2NyrTT7QeyNpreiyGgSKwEvSbO6G4o=",
              "jobDuration": "1 Jahr, 6 Monat ",
              "jobDates": "02/2015 - 07/2016"
            },
            {
              "jobTitle": "2+fANoTxbjF3yvqMVGsYqQoUI3gssR6YzTcsfQLo8ag=",
              "company": "DxfmRtGLaTEPHcosQuSYPC6KJqmB6LeigkPp03GsIgns=",
              "company_url": "https://www.xing.com/companies/go?name=6eS6xT4f+dnm0AGJ2SEqV7IWDA31TPmfiRASQTrMZOU=",
              "jobDuration": "1 Monat",
              "jobDates": "06/2016 - 06/2016"
            },
            {
              "jobTitle": "2+fANoTxbjF3yvqMVGsYqQoUI3gssR6YzTcsfQLo8ag=",
              "company": "Uonq5DRzbiODzKlFdfDSBhx49iMOuMfL+RUaDaeemEpI=",
              "company_url": "https://www.xing.com/companies/go?name=aFbgjp/AKyUXiexQbagbwCqu6CPxyh46I4dBlAHbvDY=",
              "jobDuration": "1 Monat",
              "jobDates": "03/2016 - 03/2016"
            },
            {
              "jobTitle": "sVU+hbk6YO2vSRL7BMyB8sojZIuw2fly24DcgVqGZqw=",
              "company": "PaW3DZWRYnX94/DNJBvr38uax0ApB5d4t3Md64HT9psw=",
              "company_url": "https://www.xing.com/companies/go?name=6uAyGeTi5ovC5JQ/982dfSsqnm3gsTX/jF2GIGH9niw=",
              "jobDuration": "1 Jahr, 5 Monat ",
              "jobDates": "09/2013 - 01/2015"
            },
            {
              "jobTitle": "4s6T5z1UYAc/CstXbEp0TvSZHf00REonvP/JTEB294E=",
              "company": "NwSjHl/RDWIeF5fuzZwxIYZrkwVAgS699Ty+/UbyWuZ8=",
              "company_url": "https://www.xing.com/companies/go?name=QpovPzEAQsXFCIrz8G2VAs/pX0fkIvjkVWqmysvQhHs=",
              "jobDuration": "4 Jahr, 6 Monat ",
              "jobDates": "03/2010 - 08/2014"
            },
            {
              "jobTitle": "4s6T5z1UYAc/CstXbEp0TvSZHf00REonvP/JTEB294E=",
              "company": "DZp9xBu+AyWpjYDl0i/MdRwrfd7w1uHUV7lxK3B6dBCU=",
              "company_url": "https://www.xing.com/companies/go?name=xaBFNG9yWqumzXr15GPow4cZnJAs1rlDhYwcAVKhE9k=",
              "jobDuration": "1 Jahr, 7 Monat ",
              "jobDates": "08/2008 - 02/2010"
            }
          ]
        }
      ],
      "languages": [
        {
        }
      ],
      "education": [
        {
          "institution": "201mWjkYs4a0Q9X/0keF6/3uwh5CUwkf/DT69ChMjqk=",
          "url": "https://www.xing.com/search/members?keywords=m8kIyEUuFrs1c0Y/NdtGqD6B/Tto5SvkLIfUzw5wx+I=",
          "degree": "Frühförderung, Bachelor of Arts",
          "eduDuration": "10/2016 - 10/2019"
        },
        {
          "institution": "13L9TchjaFhHoBxHG3B3Lok1rg6VrT+6rXvRm5ZAbSo=",
          "url": "https://www.xing.com/search/members?keywords=om2XftMTUYu1qqCcZomKxbK0+Z9Ah8LTV18HzEgao9E=",
          "degree": "Ophthalmology, Ophthalmologisch Technische Assistentin",
          "eduDuration": "03/2016 - 03/2017"
        },
        {
          "institution": "m/i+2fJA8U7tyQkWqJMUX66RWhIuCxvIp1Ld2F11f4k=",
          "url": "https://www.xing.com/search/members?keywords=4ak/TKmdz4Y59dR/prfgb/eJxHvj5jnPl5OUqsMpoTU=",
          "degree": "Medizinische Assistenz, Medizinische Fachgestellte",
          "eduDuration": "09/2013 - 01/2015"
        },
        {
          "institution": "XVTHORGHlgCmKqLUCcAskEnm9GBcpwbDasikk7iINU0=",
          "url": "https://www.xing.com/search/members?keywords=LE6iZmBV0PsV5VhLXlbPi2dHsuJqf2DGa6nXvW62tB0=",
          "degree": "Allgemeine Hochschulreife",
          "eduDuration": "08/2002 - 07/2012"
        }
      ]
    },
    {
      "profile": [
        {
          "sex": "f",
          "memberSince_Hits": "21. August 2013 / 1275",
          "currJobDescr": "fDTlROcyV1yxUXcOpIDYBUPAKeLtMRZizQ8sdfQ+vMs=",
          "jobs": [
            {
              "jobTitle": "fDTlROcyV1yxUXcOpIDYBUPAKeLtMRZizQ8sdfQ+vMs=",
              "company": "Dccht9xLMS7SpfgPCPdAatlxp85qmbg7qF0G9/uTK+4Q=",
              "company_url": "https://www.xing.com/companies/go?name=rkji8M/TRqDXkGTjCSqlVhde8c42xsMrRSqOrmpIIQE=",
              "jobDuration": "3 Jahr, 1 Monat",
              "jobDates": "01/2014 - 01/2017"
            },
            {
              "jobTitle": "+y4jNDgazFDKR/qj8OY0196q1tH3Q80syCU/7t48tsE=",
              "company": "G+hbDfEZgt5GO+8/6X8MOOMdvijNEkWHDFOh2PsanqN0=",
              "company_url": "https://www.xing.com/companies/go?name=QvndHOh44czvUcIXX7gczAhhN8MHN6q8lCYjOZtqyaE=",
              "jobDuration": "4 Monat ",
              "jobDates": "06/2013 - 09/2013"
            },
            {
              "jobTitle": "8+RcFQ5xk70RrdlOnRkfXizp3lK/xvL5H1DKXx64DDI=",
              "company": "B/XStIM1e2O+jkHykX/eyzXU1RnKBkyr8XGodlfATCcg=",
              "company_url": "https://www.xing.com/companies/go?name=B4PjyH/ZWVN2o4xAKOGmaBsDAClbb4ybfFuoLriEstc=",
              "jobDuration": "1 Jahr, 5 Monat ",
              "jobDates": "01/2012 - 05/2013"
            },
            {
              "jobTitle": "uO7Xlrz8KtTDf5kuKPqzsZpaYpnipw33kLwSbUTcynw=",
              "company": "B/XStIM1e2O+jkHykX/eyzXU1RnKBkyr8XGodlfATCcg=",
              "company_url": "https://www.xing.com/companies/go?name=B4PjyH/ZWVN2o4xAKOGmaBsDAClbb4ybfFuoLriEstc=",
              "jobDuration": "1 Jahr, 4 Monat ",
              "jobDates": "09/2010 - 12/2011"
            },
            {
              "jobTitle": "Zal8Es3Er8UBcVfOSyOk1XFnBvOnuHNucUjQXsJ4U2A=",
              "company": "DMET3bwLhBCTyHOwk4OrX4qIp8OBsOigjfKU1ZBPJdt4=",
              "company_url": "https://www.xing.com/companies/go?name=2rE/t8VWd/meeithGSQUDphLO2bRIHclzt3IPx+rx4w=",
              "jobDuration": "4 Monat ",
              "jobDates": "06/2010 - 09/2010"
            }
          ]
        }
      ],
      "languages": [
        {
        }
      ],
      "education": [
        {
          "institution": "Boqp3ssnBuNqzxZ25epTCh5tA5eNbGCjK+BapKbxwTg=",
          "url": "https://www.xing.com/search/members?keywords=Sqg09NUenkVhg+w+tKj2JduhRWV0t3MyoX3VZod4sIg=",
          "degree": "BWL, Betriebswirtin (VWA)",
          "eduDuration": "03/2013 - 06/2015"
        },
        {
          "institution": "Boqp3ssnBuNqzxZ25epTCh5tA5eNbGCjK+BapKbxwTg=",
          "url": "https://www.xing.com/search/members?keywords=Sqg09NUenkVhg+w+tKj2JduhRWV0t3MyoX3VZod4sIg=",
          "degree": "Marketing, Marketing-Kommunikations-Ökonomin",
          "eduDuration": "03/2011 - 02/2013"
        },
        {
          "institution": "zTNWq52E9AQCs7OCmWVWsJNIWwVhZ9MsGO5CIGbjL34=",
          "url": "https://www.xing.com/search/members?keywords=TiZqrL/TN2/W/lWZC7UXgFQovONtxxpt7Dh0EvrJVa8=",
          "degree": "Marketing, Kauffrau für Marketingkommunikation",
          "eduDuration": "08/2008 - 06/2010"
        },
        {
          "institution": "kqysNblFCysweq6NkeymTpaLyK0/unoyDvD6KdWgGy0=",
          "url": "https://www.xing.com/search/members?keywords=JqujA/vuGE5oI/9fKCiHpWV4QmYx6FIAbT7rXG7xlAo=",
          "degree": "Bankenwesen, Bankkauffrau",
          "eduDuration": "08/2006 - 06/2010"
        }
      ]
    },
    {
      "profile": [
        {
          "sex": "f",
          "memberSince_Hits": "31. Januar 2008 / 4550",
          "currJobDescr": "9TV188MdNperLUR5+0POPbNmpRp38k3jFMKEsej5J8s=",
          "jobs": [
            {
              "jobTitle": "9TV188MdNperLUR5+0POPbNmpRp38k3jFMKEsej5J8s=",
              "company": "GuwW/xQf/iN8Pe7iemURVWAi2OS+uy23XqM6eDqAcWGM=",
              "company_url": "https://www.xing.com/companies/go?name=nJPfO1B1e0bAKUOxHCvFCgBhvg/5DfciRPBYj7FThXE=",
              "jobDuration": "1 Jahr, 11 Monat ",
              "jobDates": "03/2015 - 01/2017"
            },
            {
              "jobTitle": "3GD1n4RfO0YVMH4/ks5BkgJIMiI/xuWKll8VZKZCn50=",
              "company": "N5+AUXCjesB37vlaUytDux6xhw7XQIucL3Nb5syuruAM=",
              "company_url": "https://www.xing.com/companies/go?name=tPfo6tfiIkq0AVEPVK5aiM3dujcKm+I4z7RGuZNSTpM=",
              "jobDuration": "1 Jahr, 5 Monat ",
              "jobDates": "10/2013 - 02/2015"
            },
            {
              "jobTitle": "ZkkBtDAgBjAZEaRdob9tCmZDyr8PUZELe5WbRz8otaU=",
              "company": "NGFhdWJUdpqE6GAyGhMkekZgiorm6oUwfdOhiYWtxa7I=",
              "company_url": "https://www.xing.com/companies/go?name=KXxltG96SXD7sz9TermIQRI0AB5+Iwn0s/WGp2uanFw=",
              "jobDates": "2010 - 09/2013"
            },
            {
              "jobTitle": "0R+92Xc852SDyeN52Dp0a2v+5tNflDbzr9wchSyw42E=",
              "company": "NtIHXsy7v1lseXMJ5OXNMK/muEl8karKAdtuZb+9BrRc=",
              "company_url": "https://www.xing.com/companies/go?name=lhAeQ/aMtWd/J5NP1ecF4klYL90GDwh5erO8KbC22j4=",
              "jobDates": "2006 - 2009"
            },
            {
              "jobTitle": "rXO99z1UxVJL8SZMeIU36hxXSsEl4DUVJyzVoF1lwXM=",
              "company": "CrtDLs3tB5vHezMP86g+O4IQhhP/BjsVaL6oSXgXCtMw=",
              "company_url": "https://www.xing.com/companies/go?name=sq/OCWSW+G4LU+/4oF1cLX9vqhAb/WDPylCuF8XwAHg=",
              "jobDates": "2004 - 2006"
            },
            {
              "jobTitle": "6htX4gi0KdZDBZu0Z3iUEvO3O86fKxt1YU1xp+roHBY=",
              "company": "P8RXnjPelhdZbd0S29b+ondisgnwrYUpbvncullBAeDs=",
              "company_url": "https://www.xing.com/companies/go?name=4ZZ4JdJCTTZlb7Nku6q8kva3spdz09YgLrpStPIeYeo=",
              "jobDates": "2000 - 2004"
            },
            {
              "jobTitle": "ryZZqqKwy0WvV4TEAD51rZBl35x2qwdImfMSpErtE00=",
              "company": "PCYUum/ho9b3rW2IdH9EhgA927fOR0Lv+kFnFg/orwtg=",
              "company_url": "https://www.xing.com/companies/go?name=mA95dFg8sAo46nH8Wy6qnOl6fohdH+dZKlThrpXnxCI=",
              "jobDates": "1997 - 1999"
            },
            {
              "jobTitle": "YBn+HBihYz7v83WMpnMkt9quSiLH4aMrp9VBTztiXvg=",
              "company": "PCYUum/ho9b3rW2IdH9EhgA927fOR0Lv+kFnFg/orwtg=",
              "company_url": "https://www.xing.com/companies/go?name=mA95dFg8sAo46nH8Wy6qnOl6fohdH+dZKlThrpXnxCI=",
              "jobDates": "1989 - 1995"
            },
            {
              "jobTitle": "YBn+HBihYz7v83WMpnMkt9quSiLH4aMrp9VBTztiXvg=",
              "company": "DtP2fIDKkEcFc43hy6F2jDs9bV2LE/aflrJFWA79qJ6o=",
              "company_url": "https://www.xing.com/companies/go?name=8LOEprE3hoHEyTGa7Fz5l1Qd2xA5E/jWI0nrgXB+0+4=",
              "jobDates": "1985 - 1988"
            }
          ]
        }
      ],
      "languages": [
        {
        }
      ],
      "education": [
        {
          "institution": "11Ay7X94wOIrN2n/5auoZQai717DPERJerwfMBBZ+U0=",
          "url": "https://www.xing.com/search/members?keywords=E9cbUfGq1yTAeia0SFLJrBdkhKLM8UvIyEmSQo8HZBM=",
          "degree": "Neuere deutsche Literatur und Medienwissenschaft und Europäische Ethnologie, M.A.",
          "eduDuration": "04/1995 - 12/1999"
        }
      ]
    }
  ]
}
