title,text
Administrative Assistant,Administrative Assistant
Auditing Clerk,Auditing Clerk
Auditor,Auditor
Accountant,Accountant
Bank Teller,Bank Teller
Treasurer,Treasurer
Actuary,Actuary
Budget Analyst,Budget Analyst
Economist,Economist
Mathematician,Mathematician
Statistician,Statistician
Events Coordinator,Events Coordinator
Office Manager,Office Manager
Secretary,Secretary
Dental Assistant,Dental Assistant
Medical Assistant,Medical Assistant
Receptionist,Receptionist
Audiologist,Audiologist
Daycare,Daycare
Lawyer,Lawyer
Legal Advisor,Legal Advisor
Application Developer,Application Developer
Building Inspector,Building Inspector
Application Support Analyst,Application Support Analyst
Civil Engineer,Civil Engineer
Back End Developer,Back End Developer
Chemical Engineer,Chemical Engineer
Construction Engineer,Construction Engineer
Data Analyst,Data Analyst
Contract Administrator,Contract Administrator
Database Administrator,Database Administrator
Field Engineer,Field Engineer
Front End Developer,Front End Developer
Mechanical Engineer,Mechanical Engineer
Safety Manager,Safety Manager
Software Engineer,Software Engineer
Superintendent,Superintendent
System Administrator,System Administrator
Technical Support Specialist,Technical Support Specialist
Account Coordinator,Account Coordinator
Account Executive,Account Executive
Advertising Director,Advertising Director
Art Director,Art Director
Brand Assistant,Brand Assistant
Brand Manager,Brand Manager
Brand Strategist,Brand Strategist
Copywriter,Copywriter
Creative Director,Creative Director
Internet Marketing Coordinator,Internet Marketing Coordinator
Market Research Analyst,Market Research Analyst
Marketing Associate,Marketing Associate
Online Product Manager,Online Product Manager
Public Relations Representative,Public Relations Representative
Public Relations Specialist,Public Relations Specialist
Seo Manager,Seo Manager
Social Media Marketing Coordinator,Social Media Marketing Coordinator
Architect,Architect
