{
  "category": "Chemical Engineer",
  "dominantSexXing": "m",
  "profiles": [
    {
      "profile": [
        {
          "sex": "f",
          "memberSince_Hits": "15. August 2014 / 614",
          "currJobDescr": "Cx1UdF379X6TPC0h2APuxUcA1KHBikpoHXo3h2scf7I=",
          "jobs": [
            {
              "jobTitle": "Cx1UdF379X6TPC0h2APuxUcA1KHBikpoHXo3h2scf7I=",
              "company": "UOKzDuSAWA0gzcx0LoAgMKzYyJO25ElynTiM8ZcMAQhs=",
              "company_url": "https://www.xing.com/companies/go?name=T6B5esUhdK9begLGV03BBQFTt8XljZqB+9VbSKKwMaE=",
              "jobDuration": "1 Jahr, 4 Monat ",
              "jobDates": "10/2015 - 01/2017"
            },
            {
              "jobTitle": "Cx1UdF379X6TPC0h2APuxUcA1KHBikpoHXo3h2scf7I=",
              "company": "EUhftlOywkUqtAuMCDHQRQc8mfiXG5q7sNikxWvdhNTg=",
              "company_url": "https://www.xing.com/companies/go?name=eWtE89th1j+OVvfuhSCTV8NLWpM4LFtPRystQF3G2k8=",
              "jobDuration": "1 Jahr",
              "jobDates": "11/2013 - 10/2014"
            },
            {
              "jobTitle": "Zk/p7FROrzTvNEAHC0QXf13UCiPQ5io1QWyXv1bAHiE=",
              "company": "W8aswr941A2sw2MyyYnf4bKFteaN9wtlFa+kbwiYwzTc=",
              "company_url": "https://www.xing.com/companies/go?name=m+cE0RVKvHHYiiWVdGRyF48Clg0yFdTIGMajm2JJGHU=",
              "jobDuration": "6 Monat ",
              "jobDates": "03/2013 - 08/2013"
            },
            {
              "jobTitle": "Zk/p7FROrzTvNEAHC0QXf13UCiPQ5io1QWyXv1bAHiE=",
              "company": "UHXIAT7l4SxbGwC+ZjaM6JQO6rsKi4wlW6rCd7oVNP1U=",
              "company_url": "https://www.xing.com/companies/go?name=rTT72e7Uj33OOdbgJSvLr2B7OXHR/SMkwGMZ15oNSAc=",
              "jobDuration": "10 Monat ",
              "jobDates": "09/2010 - 06/2011"
            },
            {
              "jobTitle": "Cx1UdF379X6TPC0h2APuxUcA1KHBikpoHXo3h2scf7I=",
              "company": "Gb04Aw8NQiniyfxaPczaLm24wqPfFRAnU/WuyDJiQbJs=",
              "company_url": "https://www.xing.com/companies/go?name=Rp7TGVTkesheMr6i0wd39Ajz6tgr9zyFQi3p2vRvOiI=",
              "jobDuration": "3 Monat ",
              "jobDates": "07/2008 - 09/2008"
            },
            {
              "jobTitle": "69mbyXbjM1G76Wgj9h9yW+BATG1mKxGqzYgmBMCzvvw=",
              "company": "AbHGdoCa3TH/uRNWhfXBNlRIVBewNnyPVXGu0B3TUZrU=",
              "company_url": "https://www.xing.com/companies/go?name=1kz8pvWctlvTeA34gzgafdmtNzj0JPzG2lKJ8Qe2A4Y=",
              "jobDuration": "4 Monat ",
              "jobDates": "06/2007 - 09/2007"
            }
          ]
        }
      ],
      "languages": [
        {
        }
      ],
      "education": [
        {
          "institution": "PCUiZcxHBi/o8sFzhKCGKk8bJnLZxAcOPdZYhNFz6PE=",
          "url": "https://www.xing.com/search/members?keywords=zbsfMIct7aIW/wQJf42/+4VCcCzVXKUPgYuEcGvQLqc=",
          "degree": "Industrial Engineering",
          "eduDuration": "09/2012 - 09/2014"
        },
        {
          "institution": "PCUiZcxHBi/o8sFzhKCGKk8bJnLZxAcOPdZYhNFz6PE=",
          "url": "https://www.xing.com/search/members?keywords=zbsfMIct7aIW/wQJf42/+4VCcCzVXKUPgYuEcGvQLqc=",
          "degree": "Chemical Engineering",
          "eduDuration": "09/2005 - 07/2011"
        }
      ]
    },
    {
      "profile": [
        {
          "sex": "m",
          "memberSince_Hits": "21. Oktober 2016 / 26",
          "currJobDescr": "Cx1UdF379X6TPC0h2APuxUcA1KHBikpoHXo3h2scf7I=",
          "jobs": [
            {
              "jobTitle": "Cx1UdF379X6TPC0h2APuxUcA1KHBikpoHXo3h2scf7I=",
              "company": "K8nA5WR/KbCc4UmhVOfUta/OWNbqVGgPmal7fTPC+nbA=",
              "company_url": "https://www.xing.com/companies/go?name=dYR8RojHmtKLXbYyWqRWuaSOc5klPrr22R1uvmyMDUQ=",
              "jobDuration": "1 Jahr, 8 Monat ",
              "jobDates": "06/2015 - 01/2017"
            },
            {
              "jobTitle": "Cx1UdF379X6TPC0h2APuxUcA1KHBikpoHXo3h2scf7I=",
              "company": "Kgc2T7LSzidujS/Xkk7nv41BaF+R8/ui+1Um9jpFBJx8=",
              "company_url": "https://www.xing.com/companies/go?name=lI1f5Hwua2l1cKZOdS232LjZVwojlXu3vK6Hb2Ai2eo=",
              "jobDates": "bis heute"
            },
            {
              "jobTitle": "NA4nF03R7aV5u3vi92o2ks2Doti2zjb/tinuag+1WoI=",
              "company": "GYH+BSJZgQYb5KCgWk1SeJx9Rb2iOg7DrdkDAtOUQd7A=",
              "company_url": "https://www.xing.com/companies/go?name=5IDGwFs1xkzyjObXRoAF5sHNmFBukMOk91VskqqxeZ4=",
              "jobDuration": "10 Monat ",
              "jobDates": "09/2014 - 06/2015"
            }
          ]
        }
      ],
      "languages": [
        {
        }
      ],
      "education": [
        {
          "institution": "UEkZ7iYEiejN3XtbsRPGeaEE/qvU7/HDbvqHdiF6zAE=",
          "url": "https://www.xing.com/search/members?keywords=VEVwg/OCDn4nKKjkUTlUnPwrnnQhOC7H1Con5q8+JRc=",
          "degree": "Chemical Engineering, 60. 23",
          "eduDuration": "10/2008 - 09/2013"
        }
      ]
    },
    {
      "profile": [
        {
          "sex": "m",
          "memberSince_Hits": "4. November 2013 / 727",
          "currJobDescr": "tlf0vSs1tmQTAs+cCYpO7FWXHe+3raxuaAeDL2xkc4g=",
          "jobs": [
            {
              "jobTitle": "tlf0vSs1tmQTAs+cCYpO7FWXHe+3raxuaAeDL2xkc4g=",
              "company": "pJF3pxrGgVD3cpfCLT6cdbg9UFpmzE/TvQVsieyeHfPw=",
              "company_url": "https://www.xing.com/companies/go?name=VMTJm5R32lorHkentvi6MjmYY2XbGnTJl6wiZJtKevU=",
              "jobDuration": "7 Jahr, 9 Monat ",
              "jobDates": "05/2009 - 01/2017"
            },
            {
              "jobTitle": "QeuawxDceAkmrZ8ve37QfWXbEF3uhGReg8aY4CsTyBs=",
              "company": "pJF3pxrGgVD3cpfCLT6cdbg9UFpmzE/TvQVsieyeHfPw=",
              "company_url": "https://www.xing.com/companies/go?name=VMTJm5R32lorHkentvi6MjmYY2XbGnTJl6wiZJtKevU=",
              "jobDates": "bis heute"
            },
            {
              "jobTitle": "tlf0vSs1tmQTAs+cCYpO7FWXHe+3raxuaAeDL2xkc4g=",
              "company": ":oGxyVUBcdEXfYWz5OYeagOw4LVIUELmoFOnn1KOhDtM=",
              "company_url": "https://www.xing.com/companies/go?name=6ZUv4Yws9wFMBj3kbmEpCwvt1uW5uhb3oIGIkzz/Kp8=",
              "jobDuration": "8 Monat ",
              "jobDates": "08/2008 - 03/2009"
            },
            {
              "jobTitle": "tlf0vSs1tmQTAs+cCYpO7FWXHe+3raxuaAeDL2xkc4g=",
              "company": "Zmkp01hMp6UhIe3n5Ug3bGwzsBDtuLcnU+DXdbVvDcQ8=",
              "company_url": "https://www.xing.com/companies/go?name=U+xOP18x7dlGfiiECblhJrnutzeYtik6oO0Pflw0UgE=",
              "jobDuration": "1 Jahr, 3 Monat ",
              "jobDates": "06/2007 - 08/2008"
            }
          ]
        }
      ],
      "languages": [
        {
        }
      ],
      "education": [
        {
          "institution": "E74uYLWoAwnqiHiWK5W7hEGo/az7fGvc1DsevLz+wcA=",
          "url": "https://www.xing.com/search/members?keywords=feCRxNhbO6rxykZyIHrKAStaJfwr6cXNA/aewXJHuUI=",
          "degree": "chemical engineering, M.S.",
          "eduDuration": "01/2010 - 09/2012"
        },
        {
          "institution": "UHikqEykr0Ez320N/aK321qHWnepfwz2Z03ZKEr7Mek=",
          "url": "https://www.xing.com/search/members?keywords=VoqQYTKCTFHZnecmy/DDSNbjl/wbLRLRpgulowxkAiQ=",
          "degree": "chemical engineering, B.S.",
          "eduDuration": "10/2002 - 04/2007"
        }
      ],
      "awards": [
        {
        }
      ]
    },
    {
      "profile": [
        {
          "sex": "m",
          "memberSince_Hits": "30. Oktober 2011 / 1474",
          "currJobDescr": "MHLojyzwMeEpZRhQSxmNRqm2XvZ60Hk1icUDlUZBNa8=",
          "jobs": [
            {
              "jobTitle": "MHLojyzwMeEpZRhQSxmNRqm2XvZ60Hk1icUDlUZBNa8=",
              "company": "HPsxIfnw0GYSGqClfpFQ5YOaL0sKvLeLGkusdKdxn550=",
              "company_url": "https://www.xing.com/companies/go?name=0BmY82bN5Y9o2kODHaaGR2s7+8LdcO41m7xMlYnyNaA=",
              "jobDuration": "2 Jahre",
              "jobDates": "02/2015 - 01/2017"
            },
            {
              "jobTitle": "Cx1UdF379X6TPC0h2APuxUcA1KHBikpoHXo3h2scf7I=",
              "company": "HPsxIfnw0GYSGqClfpFQ5YOaL0sKvLeLGkusdKdxn550=",
              "company_url": "https://www.xing.com/companies/go?name=0BmY82bN5Y9o2kODHaaGR2s7+8LdcO41m7xMlYnyNaA=",
              "jobDuration": "2 Jahr, 4 Monat ",
              "jobDates": "10/2012 - 01/2015"
            },
            {
              "jobTitle": "hLEcgvOgc0GAgtCrCILQ9BYtHdGDKV7HWa7r+WRB81o=",
              "company": "HPsxIfnw0GYSGqClfpFQ5YOaL0sKvLeLGkusdKdxn550=",
              "company_url": "https://www.xing.com/companies/go?name=0BmY82bN5Y9o2kODHaaGR2s7+8LdcO41m7xMlYnyNaA=",
              "jobDuration": "6 Monat ",
              "jobDates": "03/2012 - 08/2012"
            },
            {
              "jobTitle": "e41u5J8n8VIj8iL2Tjjo7CddfCCsVDsDOycex/kUeyk=",
              "company": "IV56/hc2Su+Il9XYr0RVeTAIIE6c5G962rWYM5uR1TDQ=",
              "company_url": "https://www.xing.com/companies/go?name=xan6sQQtdIoPUvdLtLve/+luHtZgjKyqHxfwy1VnZEk=",
              "jobDuration": "1 Jahr, 6 Monat ",
              "jobDates": "09/2010 - 02/2012"
            },
            {
              "jobTitle": "JN+1b2qi1w1vadxUbNZAaJ1AE5ClC/kqp2Q0GKRUniw=",
              "company": "T0bJt0i0yECAL/8WmH+GL6UyQqG8oiVAojiX6uQGuxVI=",
              "company_url": "https://www.xing.com/companies/go?name=l6QvTNmiWXeD3G81Kge89bQUL5Tyfy6BGCNI3pnL4Xs=",
              "jobDuration": "4 Jahr, 9 Monat ",
              "jobDates": "06/2007 - 02/2012"
            },
            {
              "jobTitle": "e41u5J8n8VIj8iL2Tjjo7CddfCCsVDsDOycex/kUeyk=",
              "company": "IV56/hc2Su+Il9XYr0RVeTAIIE6c5G962rWYM5uR1TDQ=",
              "company_url": "https://www.xing.com/companies/go?name=xan6sQQtdIoPUvdLtLve/+luHtZgjKyqHxfwy1VnZEk=",
              "jobDuration": "6 Monat ",
              "jobDates": "03/2010 - 08/2010"
            },
            {
              "jobTitle": "hHg6DmykiEPczvY7zYcWZ+ifCclKy2+UAXasJDQ0GEo=",
              "company": "BKiPTTHw8/YBUd40RpDVLjcu2v1y4iDX8aluAz7DKFvU=",
              "company_url": "https://www.xing.com/companies/go?name=luNCArd4J0XaCpb6SnqdL9F3iLjEF8cpaYZgZZvLMgo=",
              "jobDuration": "6 Monat ",
              "jobDates": "03/2010 - 08/2010"
            }
          ]
        }
      ],
      "languages": [
        {
        }
      ],
      "education": [
        {
          "institution": "dKDnPfkHFEUjZTNuoBOXMiqe2u6jXGcoDhqJuctLjGY=",
          "url": "https://www.xing.com/search/members?keywords=Lh7rn5vVi/UXnbxRtsHGf0PFISHt+tCtrScAqGWjoQQ=",
          "degree": "Angewandte Polymerwissenschaften, Master of Science",
          "eduDuration": "09/2010 - 08/2012"
        },
        {
          "institution": "dKDnPfkHFEUjZTNuoBOXMiqe2u6jXGcoDhqJuctLjGY=",
          "url": "https://www.xing.com/search/members?keywords=Lh7rn5vVi/UXnbxRtsHGf0PFISHt+tCtrScAqGWjoQQ=",
          "degree": "Angewandte Chemie, Bachelor of Science",
          "eduDuration": "09/2007 - 08/2010"
        }
      ],
      "awards": [
        {
        }
      ]
    },
    {
      "profile": [
        {
          "sex": "m",
          "memberSince_Hits": "14. Oktober 2016 / 27",
          "currJobDescr": "Cx1UdF379X6TPC0h2APuxUcA1KHBikpoHXo3h2scf7I=",
          "jobs": [
            {
              "jobTitle": "Cx1UdF379X6TPC0h2APuxUcA1KHBikpoHXo3h2scf7I=",
              "company": "IZOpYdm7USAfzI7kqLReqlEp50iMc33YlTAFtvRk4HNU=",
              "company_url": "https://www.xing.com/companies/go?name=izTqnrgE4CyWcd+ZN0OhrB2opAX8rFnddnE7dwHx3gI=",
              "jobDates": "bis heute"
            }
          ]
        }
      ],
      "languages": [
        {
        }
      ],
      "education": [
        {
          "institution": "n1l0Ay5SNBpm46d6pms+5w80wGF2v/yDn8b45iDKBJA=",
          "url": "https://www.xing.com/search/members?keywords=Ue5UyoodsytZW5ZWLaRuXYh4u39utZTZnUWg5nu2ZXY=",
          "degree": "Chemical Engineering, Bachelor",
          "eduDuration": "08/2002 - 07/2006"
        }
      ],
      "awards": [
        {
        }
      ]
    },
    {
      "profile": [
        {
          "sex": "m",
          "memberSince_Hits": "23. März 2011 / 1207",
          "currJobDescr": "827iF0Qm9OUB2HYDTA3zxgZaYuX7Kc/EYyUAWlzQEBQ=",
          "jobs": [
            {
              "jobTitle": "827iF0Qm9OUB2HYDTA3zxgZaYuX7Kc/EYyUAWlzQEBQ=",
              "company": "m9qYdsNcRuX/YpaCTbDvvaNmnUM3Y+TKNSp2JG7Eun8k=",
              "company_url": "https://www.xing.com/companies/go?name=2KnGTSzoxctlEbsjb8nhc+l3mH+2SFEKF3iDgO3Sxnk=",
              "jobDuration": "7 Jahr, 1 Monat",
              "jobDates": "01/2010 - 01/2017"
            },
            {
              "jobTitle": "y3T8oIAD5aIt7DW1TxAQc/hVpUx1+AOvWEn8BdLD928=",
              "company": "VRoW27XTaz5ZPhnk2OJwbGhHXvcbbzoaFR67NT/Sxe3E=",
              "company_url": "https://www.xing.com/companies/go?name=TqGOOoKUMtxY5TzhD18xjFdATTr2xrXIVB2lEcGkVAU=",
              "jobDuration": "3 Jahr, 7 Monat ",
              "jobDates": "06/2007 - 12/2010"
            }
          ]
        }
      ],
      "languages": [
        {
        }
      ],
      "education": [
        {
          "institution": "UORg52MD26v5GSi9IZPJAcn8TjI8rEzB/et/NYedH0s=",
          "url": "https://www.xing.com/search/members?keywords=UORg52MD26v5GSi9IZPJAcn8TjI8rEzB/et/NYedH0s=",
          "degree": "chemical, B.tech",
          "eduDuration": "06/2002 - 06/2007"
        },
        {
          "institution": "nGB/c8Xcmsp/howKfK0mz9em/nq5PaPCTgZ4cxoUt5U=",
          "url": "https://www.xing.com/search/members?keywords=3L5PqQqEhwi4Qr+FQO+Ou0XglYnJpdB80R2PB4Ga1r0=",
          "degree": "B.Tech, B.E Chemical"
        }
      ]
    },
    {
      "profile": [
        {
          "sex": "m",
          "memberSince_Hits": "13. November 2015 / 42",
          "currJobDescr": "Iv3KjAehB2FSxP7Fw8pfz0/uYcv5QUSHgLYa+6uod6I=",
          "jobs": [
            {
              "jobTitle": "Iv3KjAehB2FSxP7Fw8pfz0/uYcv5QUSHgLYa+6uod6I=",
              "company": "FUCr+PFoNEygc+4h1KwMN5iIrlKj3zKRtt8p3uKEshBI=",
              "company_url": "https://www.xing.com/companies/go?name=kaexP+YY8tulEx55od6bMCkEgNwhMbOwRhS8YpdyQxM=",
              "jobDuration": "1 Jahr, 5 Monat ",
              "jobDates": "09/2015 - 01/2017"
            }
          ]
        }
      ],
      "languages": [
        {
        }
      ],
      "education": [
        {
          "institution": "b9kcrjYoanFxO10nlsHm0gnrxm6Qjr2TmksDs3ekFcM=",
          "url": "https://www.xing.com/search/members?keywords=GYB48w3QDRet6xk54842PHHh1zYIczyJb3uRrJjV2mA=",
          "degree": "Production Management, PhD",
          "eduDuration": "01/2013 - 07/2015"
        },
        {
          "institution": "ZL1JuLoVuSQj5OAX4tGbhOO4tE5CCgD+7M7/212+B3c=",
          "url": "https://www.xing.com/search/members?keywords=ICHk87iC32Uigi4svG6Ooa/6zq4J4gJW+hHgQG43fVE=",
          "degree": "Industry Planning, Master degree",
          "eduDuration": "01/1988 - 01/1989"
        },
        {
          "institution": "gPD3shmzmDBBW+iUqBbI+38XoCQ+EzmfoIual9XTJZY=",
          "url": "https://www.xing.com/search/members?keywords=3MZi8M/kH8OUsKzXTmf9J+cgFQXHxoeuqCNGxKc4Sng=",
          "degree": "Chemical Engineering, BSC",
          "eduDuration": "09/1975 - 07/1979"
        }
      ],
      "awards": [
        {
        }
      ]
    },
    {
      "profile": [
        {
          "sex": "m",
          "memberSince_Hits": "14. Juni 2011 / 776",
          "currJobDescr": "W5cBf//xMg3Rc4FTL+8yR6mJKLFLL/FEwEvFW5aVeiA=",
          "jobs": [
            {
              "jobTitle": "W5cBf//xMg3Rc4FTL+8yR6mJKLFLL/FEwEvFW5aVeiA=",
              "company": "ERg8XdZKTN3XyvRHoRobSkLFVAna9nOizurG+iTFBw64=",
              "company_url": "https://www.xing.com/companies/go?name=YT4EazZWkmd9hsuQpx1MTMht0nplrSOvS7f1eEOgLRk=",
              "jobDuration": "4 Jahr, 8 Monat ",
              "jobDates": "06/2012 - 01/2017"
            },
            {
              "jobTitle": "dT8rya6WoVLOTvOHZTjBABnJGDtJxdu1Gn4eF2JDKEw=",
              "company": "-7iGgXMH4Udmk0O880dH8PMVDivwTL3EGHyWOjHQr8MU=",
              "company_url": "https://www.xing.com/companies/go?name=5633dMTDq6GDiX8T3PzAQyCL0cwuFLA3+FmZW9AM5lU=",
              "jobDuration": "8 Jahr, 8 Monat ",
              "jobDates": "01/2001 - 08/2009"
            }
          ]
        }
      ],
      "languages": [
        {
        }
      ],
      "education": [
        {
          "institution": "65E8p9fk930jvuf6L4ZHJP3/yGxu8PpNhgPbZGYBG+Y=",
          "url": "https://www.xing.com/search/members?keywords=IOJ6pNGPOjRam+sh9srkYYY8F7cTowHznrMKP81dzbM=",
          "degree": "Chemical engineering, Chemical engineer",
          "eduDuration": "09/2006 - 06/2011"
        }
      ]
    },
    {
      "profile": [
        {
          "sex": "m",
          "memberSince_Hits": "13. März 2015 / 883",
          "currJobDescr": "dRrpCSVoITLFa+Lu5wAr6MdahzypKQUYbx3xyhrMNvc=",
          "jobs": [
            {
              "jobTitle": "dRrpCSVoITLFa+Lu5wAr6MdahzypKQUYbx3xyhrMNvc=",
              "company": "SFtwHcpvN8ulp6W7W6CDCnD+jRYMo1fXl05/jT6v0mUQ=",
              "company_url": "https://www.xing.com/companies/go?name=40kHPZl3WhM4zvGkX9ULV6PAIce3ne9u4zSHlCaSZXQ=",
              "jobDuration": "1 Jahr, 4 Monat ",
              "jobDates": "10/2015 - 01/2017"
            },
            {
              "jobTitle": "dfg4wrmgOUuJW1r8Km2LTt8V4uHknd6smpR3CFZhiyE=",
              "company": "UmADWu62XcbfKBTQ3ebdDvgwiNF8E7xZg26rNnWA1djY=",
              "company_url": "https://www.xing.com/companies/go?name=qWLq8CZ0r3EwMrUvQbCRlpbzGCWxBxgI9WV6PIXCYQk=",
              "jobDuration": "3 Monat ",
              "jobDates": "03/2015 - 05/2015"
            },
            {
              "jobTitle": "PbPrjWnpB+1tFrEfgTJSEtKBUHDwDUn0b4UwifIoHic=",
              "company": "AJmrUCaANMn4WPjwMPaiqxKGpKl/jElNJTbhJ4v13SJs=",
              "company_url": "https://www.xing.com/companies/go?name=Q+bJgTFDCDTNqQEVdKLLCT7wxe4TU57mXndJY6oz/qw=",
              "jobDuration": "1 Jahr, 2 Monat ",
              "jobDates": "01/2014 - 02/2015"
            },
            {
              "jobTitle": "qIJWck2P1sspeuoNB5dpbLxpaITmjB6BOW6chRwIK2E=",
              "company": "ULmxsf6R73y313ldlDEn7WOHxXnq5g1Bo7sjqywbzAfk=",
              "company_url": "https://www.xing.com/companies/go?name=/5geUrLJjrJbWUVVAaAE46Tc0XPvpybQ4gpKWcFiiq8=",
              "jobDuration": "4 Jahr, 6 Monat ",
              "jobDates": "09/2010 - 02/2015"
            },
            {
              "jobTitle": "xQS8J66qENsDYhUBJdyK+5gckfCF67k3m4aTnNV5c7U=",
              "company": "ULmxsf6R73y313ldlDEn7WOHxXnq5g1Bo7sjqywbzAfk=",
              "company_url": "https://www.xing.com/companies/go?name=/5geUrLJjrJbWUVVAaAE46Tc0XPvpybQ4gpKWcFiiq8=",
              "jobDuration": "2 Jahr, 5 Monat ",
              "jobDates": "08/2011 - 12/2013"
            }
          ]
        }
      ],
      "languages": [
        {
        }
      ],
      "education": [
        {
          "institution": "mADWu62XcbfKBTQ3ebdDvgwiNF8E7xZg26rNnWA1djY=",
          "url": "https://www.xing.com/search/members?keywords=W+gb7lRxv4S2ZfO2NeoZlai0McIq/TtC7LJCfevS0GQ=",
          "degree": "Analytical Chemistry, Dr. rer. nat",
          "eduDuration": "08/2011 - 03/2015"
        },
        {
          "institution": "mADWu62XcbfKBTQ3ebdDvgwiNF8E7xZg26rNnWA1djY=",
          "url": "https://www.xing.com/search/members?keywords=W+gb7lRxv4S2ZfO2NeoZlai0McIq/TtC7LJCfevS0GQ=",
          "degree": "Chemistry, Mag. rer. nat.",
          "eduDuration": "03/2005 - 07/2011"
        }
      ]
    },
    {
      "profile": [
        {
          "sex": "f",
          "memberSince_Hits": "11. Juni 2014 / 1365",
          "currJobDescr": "oqg1+Ph5BnZLBEYKwYRkfGsYV2F2CfQOGgNgnFt9CY4=",
          "jobs": [
            {
              "jobTitle": "oqg1+Ph5BnZLBEYKwYRkfGsYV2F2CfQOGgNgnFt9CY4=",
              "company": "EgHH5ONEf4GOUlBcrEg/SzLH69teLDVFy7CdESdC27No=",
              "company_url": "https://www.xing.com/companies/go?name=60ca7w1wX83A61EHi2bd2pEHNFz7f2ZitdR9yjt1uwY=",
              "jobDuration": "1 Jahr, 1 Monat",
              "jobDates": "01/2016 - 01/2017"
            },
            {
              "jobTitle": "uW3FHpBwcOYU4O7UniuYP9a0GA6iFFvJ/HdP2dpcM5w=",
              "company": "EgHH5ONEf4GOUlBcrEg/SzLH69teLDVFy7CdESdC27No=",
              "company_url": "https://www.xing.com/companies/go?name=60ca7w1wX83A61EHi2bd2pEHNFz7f2ZitdR9yjt1uwY=",
              "jobDuration": "6 Monat ",
              "jobDates": "07/2015 - 12/2015"
            },
            {
              "jobTitle": "hH+mBVQyAxy+9/MR5aBGXbvO+PMFRgmJlnFA6AmLHsI=",
              "company": "U1ALcTXPkTyzgENsWXEhteMI/FMGnngMvMEhr9ipmTpc=",
              "company_url": "https://www.xing.com/companies/go?name=q19XW5h+xVwmQYLHv0p4JjWOj4hjp8j2QwIA0N1WFgc=",
              "jobDuration": "3 Jahr, 10 Monat ",
              "jobDates": "09/2009 - 06/2013"
            },
            {
              "jobTitle": "pHejfLLQrOlCiz1ydNpfKB8Grgi2D5qbH8+CuUZfYnk=",
              "company": "CFaDWhomWz5NvSXiO7eYskdYLH2q+xRMPYhtLwjcxbp4=",
              "company_url": "https://www.xing.com/companies/go?name=S4/XlwDEsWHvur6qQpjxzfl8ZO1rVcRQTupAAZWDd6o=",
              "jobDuration": "3 Jahr, 6 Monat ",
              "jobDates": "12/2005 - 05/2009"
            }
          ]
        }
      ],
      "languages": [
        {
        }
      ],
      "education": [
        {
          "institution": "+wDhi+DXZNzWnvwi1mr+bKxJDitNGKtW4mmu59U4hGU=",
          "url": "https://www.xing.com/search/members?keywords=GAkTS9cGvhiE0C2kd4ZrQKK13iz+XoLhtmqRgSqHHZg=",
          "degree": "Quality Management, Quality Management Representative and Internal Auditor",
          "eduDuration": "12/2014 - 01/2015"
        },
        {
          "institution": "FaDWhomWz5NvSXiO7eYskdYLH2q+xRMPYhtLwjcxbp4=",
          "url": "https://www.xing.com/search/members?keywords=MUJkkhFybqID5bGrPcyyyE9XYTdREiCB6htfP2r52sw=",
          "degree": "Chemistry, PhD",
          "eduDuration": "12/2005 - 05/2009"
        },
        {
          "institution": "FaDWhomWz5NvSXiO7eYskdYLH2q+xRMPYhtLwjcxbp4=",
          "url": "https://www.xing.com/search/members?keywords=MUJkkhFybqID5bGrPcyyyE9XYTdREiCB6htfP2r52sw=",
          "degree": "Chemistry, Diploma",
          "eduDuration": "09/2000 - 07/2005"
        }
      ]
    },
    {
      "profile": [
        {
          "sex": "m",
          "memberSince_Hits": "3. Oktober 2007 / 882",
          "currJobDescr": "Uj2WEqov10gXVre5SzYjwW42uZBj7MmZYulp7o/2PkM=",
          "jobs": [
            {
              "jobTitle": "Uj2WEqov10gXVre5SzYjwW42uZBj7MmZYulp7o/2PkM=",
              "company": "NGK2l0TwyBEtSyX5uRvk+qolEPq7Jpb1OpcJ+px/I9cE=",
              "company_url": "https://www.xing.com/companies/go?name=JnooZSpCYWrSkalpS0rUGxqLd1Hhd9HMGDmgaOgq5XM=",
              "jobDuration": "6 Jahr, 7 Monat ",
              "jobDates": "07/2010 - 01/2017"
            },
            {
              "jobTitle": "3V/TjWsPaSGQl8/2xeeEr2cMO7ZLgZOvGDYG+FAZG9A=",
              "company": "EK7xW/VceE3XZ5LGKitZrcgPKGbn2310fAIegKgVKtYQ=",
              "company_url": "https://www.xing.com/companies/go?name=EMRaZ7FLUnYWG1CHqYii1xUhiXGPeB09xuvz8odRBkc=",
              "jobDuration": "6 Jahr, 4 Monat ",
              "jobDates": "04/2004 - 07/2010"
            }
          ]
        }
      ],
      "languages": [
        {
        }
      ],
      "education": [
        {
          "institution": "+C4Jvh281BbAUquC3iQYas64rWjNv/tgWxfEtbm4Dyg=",
          "url": "https://www.xing.com/search/members?keywords=/tvcTYIKl4pFnL0fE5Vn0T8uaE1ACCMcUu6XnM4jrm4=",
          "degree": "B,E.Chemical Engg.,"
        }
      ],
      "awards": [
        {
        }
      ]
    },
    {
      "profile": [
        {
          "sex": "m",
          "memberSince_Hits": "29. November 2012 / 530",
          "currJobDescr": "nedgc/GjIJoRBy4uRL0WxFBX03INDEGez7pU7SCL5F8=",
          "jobs": [
            {
              "jobTitle": "nedgc/GjIJoRBy4uRL0WxFBX03INDEGez7pU7SCL5F8=",
              "company": "A+vN0U2QgvOsz5QJYtBg2iF0oYgWLXCLHBPwbHc47YoA=",
              "company_url": "https://www.xing.com/companies/go?name=mYA20g2WuMuJUR7Mcy+Rt2qo0UUFxx0B2iLXT4CLFTI=",
              "jobDates": "bis heute"
            }
          ]
        }
      ],
      "languages": [
        {
        }
      ]
    },
    {
      "profile": [
        {
          "sex": "m",
          "memberSince_Hits": "18. Mai 2011 / 682",
          "currJobDescr": "XH4MLYedK4e8/hBtRgljd3WPYz62LeP8qw8o3/xKZ3U=",
          "jobs": [
            {
              "jobTitle": "XH4MLYedK4e8/hBtRgljd3WPYz62LeP8qw8o3/xKZ3U=",
              "company": "TR8Z+wCeQU+L1q8wo7bFlzVv5UdLCuofATgalq/y2HZ4=",
              "company_url": "https://www.xing.com/companies/go?name=G2Zdx7L0kLkCRlKFD8fvtXc/qTjMFz8J/cbAYFmBpdA=",
              "jobDuration": "2 Jahr, 8 Monat ",
              "jobDates": "06/2014 - 01/2017"
            },
            {
              "jobTitle": "Ahxlrb/uvyNswXbBPiSzklRHBU3mDrcX6SWASv+459o=",
              "company": "LPny+qDQ97AyggAT1mz1DZJRSbYzO+hqtU4TQo/EuUCM=",
              "company_url": "https://www.xing.com/companies/go?name=PImKl/Pt3YvBOSizaBX1eig2dB9xWADOzMe89p/ypL0=",
              "jobDuration": "2 Monat ",
              "jobDates": "04/2014 - 05/2014"
            },
            {
              "jobTitle": "fgBGAACYXdadHvSrvFEWjtxjXc/r/0kHAlPJFZRgXNk=",
              "company": "AKgxYuunV2nvJBdqOtJ3tIUJxdO6Xk5zKfI6y3Qhd8gs=",
              "company_url": "https://www.xing.com/companies/go?name=QHcdQGbhLpnwrzLMh7QgNLqL2AGXiAB8Q+NnMQdI3Zc=",
              "jobDuration": "11 Monat ",
              "jobDates": "03/2013 - 01/2014"
            },
            {
              "jobTitle": "OU5rXlUXMoB/hVZpXUFcnr7K2GIOS+hl7J8ZslZdMJs=",
              "company": "Mj79O45TWZMX5nBU2NkmKc5QCsPypsFGWrUtihihghKs=",
              "company_url": "https://www.xing.com/companies/go?name=islHRqps2SG6Yid6k50kpRGYSxJdzDXhSrVQ4syFnb4=",
              "jobDuration": "7 Monat ",
              "jobDates": "07/2012 - 01/2013"
            },
            {
              "jobTitle": "W5u+lrBW5hB5uL18C7ux10djAzynT+lJtZ72aa5QCrY=",
              "company": "DlZfpmb1Tn8tHeVQreW3awsnMqF6FqhstzWSVvmhfYXo=",
              "company_url": "https://www.xing.com/companies/go?name=T5rUv+Fyq6xFH6oB0/5r+RisPD3VYIpOlmm5PhYeBxw=",
              "jobDuration": "3 Monat ",
              "jobDates": "04/2012 - 06/2012"
            },
            {
              "jobTitle": "fgBGAACYXdadHvSrvFEWjtxjXc/r/0kHAlPJFZRgXNk=",
              "company": "AKgxYuunV2nvJBdqOtJ3tIUJxdO6Xk5zKfI6y3Qhd8gs=",
              "company_url": "https://www.xing.com/companies/go?name=QHcdQGbhLpnwrzLMh7QgNLqL2AGXiAB8Q+NnMQdI3Zc=",
              "jobDuration": "5 Monat ",
              "jobDates": "08/2011 - 12/2011"
            },
            {
              "jobTitle": "0lZ/wK7/8RTACyi3rdbPv/r5BMO7HB0ons2v7Deuzf4=",
              "company": "Dh/I1uFJbPCQYHqvdyDxVNQITS2YqLnfmg/VTJPbelzA=",
              "company_url": "https://www.xing.com/companies/go?name=BqtFBCN5ZBR/vYLLXHOQ/rXHWZicXL3XYeSnpU3nyAo=",
              "jobDuration": "3 Monat ",
              "jobDates": "01/2011 - 03/2011"
            },
            {
              "jobTitle": "hFNYkfLHP2kYpuFvnRQX61kIVKo3R4Chw2PcDnysMzA=",
              "company": "P4UTxPIa+B+rmPuaOO/XqyicS+iY4LErGHe21Fyb/WXQ=",
              "company_url": "https://www.xing.com/companies/go?name=wGpQw3H5I15sv0OyZcnOr7QUIYi0jNDtvnnJ+OKaZ9I=",
              "jobDuration": "2 Jahr, 11 Monat ",
              "jobDates": "11/2007 - 09/2010"
            },
            {
              "jobTitle": "nszbAQnbNeLbIFjysMfHOyeki+QfV//UHaJkcMT1jp0=",
              "company": "APwK9wXANA7QCYjqHQC1B7bPPofKL47PtaB1JQv4zHI8=",
              "company_url": "https://www.xing.com/companies/go?name=4kN6hbsVP5ogRrH0Ghj3d5PRGgDPegC5N1CJSfmsxRA=",
              "jobDuration": "4 Monat ",
              "jobDates": "06/2006 - 09/2006"
            },
            {
              "jobTitle": "rpm45bW4xuryEgrI6u6/ErP3LPfJrE4uV1N59ZEbQQk=",
              "company": "SXNNgdKKmc4+dSWQd8kdn40lkieIS6e0BIS0KCi9gLSM=",
              "company_url": "https://www.xing.com/companies/go?name=/Nb71Lt6kMKK7qgYy55HHrCzdkoGLpQB5cSaTkELvY0=",
              "jobDuration": "1 Jahr",
              "jobDates": "10/2003 - 09/2004"
            }
          ]
        }
      ],
      "languages": [
        {
        }
      ],
      "education": [
        {
          "institution": "X86L7PLEPr+4Q2AboiTwo/nDjmde5WqXkCf4iqaO+6E=",
          "url": "https://www.xing.com/search/members?keywords=LZ8Sr/YyeI+2+PKoWuj3jrz4Ob2KbF1h0CaH8zMMpVg=",
          "degree": "Master en enginyeria i tecnologia ambiental",
          "eduDuration": "11/2008 - 11/2010"
        },
        {
          "institution": "XPN8gMfuQLOSaHiPTfDXv4z1lezWm35nnZ6u+0bCTyE=",
          "url": "https://www.xing.com/search/members?keywords=8O2rSEUUj22HD15oox6OFbT7+8CritnQA0YPQ3UuEA4=",
          "degree": "Chemistry and Chemical Technologies",
          "eduDuration": "09/2006 - 09/2007"
        },
        {
          "institution": "I7kCaltx/Sf+FCbGPtk/O2PrjSppMCx6Ka2WTUh1f9o=",
          "url": "https://www.xing.com/search/members?keywords=TZBuyrhiq3C2EPmRtm3Bwg8fEpXJlv83PygkiNpKwVI=",
          "degree": "Enginyeria Química, Enginyer Químic",
          "eduDuration": "09/2004 - 09/2007"
        },
        {
          "institution": "X86L7PLEPr+4Q2AboiTwo/nDjmde5WqXkCf4iqaO+6E=",
          "url": "https://www.xing.com/search/members?keywords=LZ8Sr/YyeI+2+PKoWuj3jrz4Ob2KbF1h0CaH8zMMpVg=",
          "degree": "Enginyeria Tècnica Industrial, esp. Química Industrial",
          "eduDuration": "09/1999 - 07/2003"
        }
      ]
    },
    {
      "profile": [
        {
          "sex": "m",
          "memberSince_Hits": "29. Juli 2014 / 755",
          "currJobDescr": "Cx1UdF379X6TPC0h2APuxUcA1KHBikpoHXo3h2scf7I=",
          "jobs": [
            {
              "jobTitle": "Cx1UdF379X6TPC0h2APuxUcA1KHBikpoHXo3h2scf7I=",
              "company": "A91Jy+0gVk1kCtSeSJvSqenpKAbe4mta3EUF4HvmW+U4=",
              "company_url": "https://www.xing.com/companies/go?name=c/3YGuCXySgLGRf5hKNzNdC3LV+hYZcUdN1IabO0Cms=",
              "jobDuration": "2 Jahr, 4 Monat ",
              "jobDates": "10/2014 - 01/2017"
            },
            {
              "jobTitle": "cqsyAbKH6A+1qagaDknoQ0z/li9Hnz+TctGo50N6gKA=",
              "company": "LwIifrOpfvjMG6T9CUioZQJ/z2NSyXdGhAq6QNngSN2U=",
              "company_url": "https://www.xing.com/companies/go?name=1EaSftautib4yOH1bM1CRo2j1URC/pzhEkJi4iLHlKc=",
              "jobDuration": "7 Monat ",
              "jobDates": "02/2014 - 08/2014"
            },
            {
              "jobTitle": "dZOqhl7ZVtJZIPwcvPy4jM0lszaWT/0qRQVmi1+LaO0=",
              "company": "MBFTLGqKs1qpeVNWFDwBRnJ1uVXNy+o0snh4QjT3yVbs=",
              "company_url": "https://www.xing.com/companies/go?name=cJ8SQV8hSnkH9Pmy1U9xuaPN6fD5vIGDiNo6MVLQ5HQ=",
              "jobDuration": "8 Monat ",
              "jobDates": "05/2013 - 12/2013"
            },
            {
              "jobTitle": "cqsyAbKH6A+1qagaDknoQ0z/li9Hnz+TctGo50N6gKA=",
              "company": "MZ7cejj+RqT6RHGol+7Mxbul7mKh70rqZ6XXgjZEqtnA=",
              "company_url": "https://www.xing.com/companies/go?name=SP5e2iLz9pro3x+P1w5zzGBvQ4ceFMukcXJj0AVQu9M=",
              "jobDuration": "8 Monat ",
              "jobDates": "01/2012 - 08/2012"
            },
            {
              "jobTitle": "EHgS3vYxqLWBrykCRiVIqmIc0Muh5SWsKdKMKRM0pVA=",
              "company": "MBFTLGqKs1qpeVNWFDwBRnJ1uVXNy+o0snh4QjT3yVbs=",
              "company_url": "https://www.xing.com/companies/go?name=cJ8SQV8hSnkH9Pmy1U9xuaPN6fD5vIGDiNo6MVLQ5HQ=",
              "jobDuration": "4 Monat ",
              "jobDates": "03/2011 - 06/2011"
            },
            {
              "jobTitle": "m2JBTyY623kCCRlELOzAH47yG8LgSwX7dBVGBS0aoQU=",
              "company": "DZ/Sh70Roe+9sUFVuBWi3OlIOkF4iZjCmpur4OdspDAQ=",
              "company_url": "https://www.xing.com/companies/go?name=nlGm+0QMCrhkST7Kk5mjNo2pXN5dCvT3csTQIGtYUGw=",
              "jobDuration": "1 Jahr, 10 Monat ",
              "jobDates": "11/2006 - 08/2008"
            },
            {
              "jobTitle": "m2JBTyY623kCCRlELOzAH47yG8LgSwX7dBVGBS0aoQU=",
              "company": "DToVZjNQFnuG6HZHBYQAfncFDnWP53FCTYoTZWIGFVV4=",
              "company_url": "https://www.xing.com/companies/go?name=4VKMisdn4ArDRx1qqYLREWlcVuiNguOud20UNFEm1e8=",
              "jobDuration": "4 Monat ",
              "jobDates": "07/2006 - 10/2006"
            }
          ]
        }
      ],
      "languages": [
        {
        }
      ],
      "education": [
        {
          "institution": "BFTLGqKs1qpeVNWFDwBRnJ1uVXNy+o0snh4QjT3yVbs=",
          "url": "https://www.xing.com/search/members?keywords=oGePFz0vzYPi57R8EnMvnTIEZPnOe9GKG+1F2dzh55c=",
          "degree": "Chemical Engineering, Master of Science",
          "eduDuration": "10/2012 - 08/2014"
        },
        {
          "institution": "BFTLGqKs1qpeVNWFDwBRnJ1uVXNy+o0snh4QjT3yVbs=",
          "url": "https://www.xing.com/search/members?keywords=oGePFz0vzYPi57R8EnMvnTIEZPnOe9GKG+1F2dzh55c=",
          "degree": "Chemical engineering, Bachelor of Science",
          "eduDuration": "10/2009 - 08/2012"
        },
        {
          "institution": "VgpL2GIa27qjH/aLgkhnq7J3YjePCKD2XMrLwHhbe44=",
          "url": "https://www.xing.com/search/members?keywords=lDrgYTJ+i8St6mqHAQaqAg3dFTnfIpS9iTZ3LD32o4o=",
          "degree": "Chemical plant operator, technican",
          "eduDuration": "08/2004 - 06/2006"
        },
        {
          "institution": "o6KDey81xiqwRxaSYzSKDMwpXWkZTokhWblOzwcwEms=",
          "url": "https://www.xing.com/search/members?keywords=vhPZXFOhUZHJJ+9D1nOKpycno75AO9DRZjcTOYNpVB8=",
          "degree": "instrument mechanic",
          "eduDuration": "08/2002 - 07/2004"
        }
      ]
    },
    {
      "profile": [
        {
          "sex": "m",
          "memberSince_Hits": "2. Dezember 2014 / 548",
          "currJobDescr": "Cx1UdF379X6TPC0h2APuxUcA1KHBikpoHXo3h2scf7I=",
          "jobs": [
            {
              "jobTitle": "Cx1UdF379X6TPC0h2APuxUcA1KHBikpoHXo3h2scf7I=",
              "company": "ETOKr4iCKFWr4c3hcw1T/24xqOrAgXQkki1XK7QznyVg=",
              "company_url": "https://www.xing.com/companies/go?name=d4bLGrnoTTCnRRHh5PvOIeXqIg5ZWNO+6fbmCFCTNEI=",
              "jobDuration": "1 Jahr, 9 Monat ",
              "jobDates": "05/2015 - 01/2017"
            },
            {
              "jobTitle": "yVv6E00nes+ts2EaHLIXe4E81zDRVaEJhzmcH2c0ShI=",
              "company": "ALcZljVodDOcD/E1RhPem/dOE//ut241CJ96stY6fYGc=",
              "company_url": "https://www.xing.com/companies/go?name=2pqQVftvyeP7CX1YD/OKyZavWC5GqMgQU7LfhWYB+/4=",
              "jobDuration": "3 Monat ",
              "jobDates": "11/2014 - 01/2015"
            },
            {
              "jobTitle": "DgBrEPEUeNNz9qqC+IXWer2IY+GUJjHkezAxICz99kw=",
              "company": "B6XBV42/jGva2+wUGbj3gNx4mqiR8uc2NmfIszg6feM4=",
              "company_url": "https://www.xing.com/companies/go?name=G9bOBXKEUjRex3wKMYsgYWLululjsDZDXWQjDYU4aJQ=",
              "jobDuration": "6 Monat ",
              "jobDates": "04/2014 - 09/2014"
            },
            {
              "jobTitle": "HhvjL1kQ2YZBJjNhkIStaFSQzirVImSEr6UabgCEIgg=",
              "company": "HNvttksP+rtJxNSON7UTvVMab4VjDohoq5XY60cO/nNk=",
              "company_url": "https://www.xing.com/companies/go?name=SnS6GIg3jv6yCtgLLXbmBgQVw6b7LdPeetddNbA7l64=",
              "jobDuration": "5 Monat ",
              "jobDates": "03/2013 - 07/2013"
            },
            {
              "jobTitle": "zaXortlMpM5BQRY1WUuZozbVFmXv9jApOLKOe60aF8g=",
              "company": "Sp4DKiGoz6yMnE6wFI8AO/glEXBhmTu0JL5GXOr03TJ0=",
              "company_url": "https://www.xing.com/companies/go?name=UQjzFc+Ufc8iOPTKNQd2AOz80/XxhAa1EUKRCZzqsXM=",
              "jobDuration": "5 Monat ",
              "jobDates": "04/2012 - 08/2012"
            }
          ]
        }
      ],
      "languages": [
        {
        }
      ],
      "education": [
        {
          "institution": "zPBafeLC6yRXq4xyh4+gdir5oLMcGfxK3e62v37KkxU=",
          "url": "https://www.xing.com/search/members?keywords=zPBafeLC6yRXq4xyh4+gdir5oLMcGfxK3e62v37KkxU=",
          "degree": "Chemical Engineering, Engineering Degree",
          "eduDuration": "09/2012 - 10/2014"
        }
      ]
    },
    {
      "profile": [
        {
          "sex": "f",
          "memberSince_Hits": "19. Januar 2016 / 74",
          "currJobDescr": "Cx1UdF379X6TPC0h2APuxUcA1KHBikpoHXo3h2scf7I=",
          "jobs": [
            {
              "jobTitle": "Cx1UdF379X6TPC0h2APuxUcA1KHBikpoHXo3h2scf7I=",
              "company": "-2lI+ixBrxZzXOe2inO3CAIXBulVCJNdDIVR9IfWwRhM=",
              "company_url": "https://www.xing.com/companies/go?name=Y6JBau9lqgeGM6qX/ykrS9s2mT3ITK6Z8J83xPHO+YQ=",
              "jobDates": "bis heute"
            },
            {
              "jobTitle": "XXUkEed/jF359sZd9+Rs+wFxrj/+fl6WRtgWUoZafFo=",
              "company": "BnlxXA7nTyHMSPGW4IEzSaN2tA+liF1C5leGB+xvZMYk=",
              "company_url": "https://www.xing.com/companies/go?name=v/4xWSvF5Vbo/H+I12TVLMf0s9w4s1e6MPFkkWZdjoc="
            }
          ]
        }
      ],
      "languages": [
        {
        }
      ],
      "education": [
        {
          "institution": "mzINnXHWsg3qx+XZIeEBckV8PWbsx2oLGeUCDEPnC0s=",
          "url": "https://www.xing.com/search/members?keywords=ktVdg/7K9imS1x2+HinfkV5M/5YizLWwLkkuPqRiGE8=",
          "degree": "Chemical Engineering",
          "eduDuration": "10/2011 - 06/2015"
        },
        {
          "institution": "yJY9Pw7noOGqfanXQ+CyZRgguB1hoow9rpcIzVcuPt4=",
          "url": "https://www.xing.com/search/members?keywords=gGH7ZE5o6VVcBPBktlNZKk+HhQbtnXhz3AlsmHPG+Xw=",
          "degree": "Management de l'entreprise et du territoire",
          "eduDuration": "10/2008 - 07/2010"
        },
        {
          "institution": "Jnz+zGma1nVfzU54orMYbdkBVHux8wPbRoY1LdZHjE4=",
          "url": "https://www.xing.com/search/members?keywords=7gj7/HvKlu/RlEW6v4LQrcD3LLaenFoq/VYkqU9Bh8w=",
          "degree": "Business Administration",
          "eduDuration": "10/2005 - 06/2008"
        }
      ]
    },
    {
      "profile": [
        {
          "sex": "m",
          "memberSince_Hits": "1. März 2014 / 750",
          "currJobDescr": "3S5ljgvu8kyN3iUyxeyTgUUPjJ/d+97bWuJY7J1Ftac=",
          "jobs": [
            {
              "jobTitle": "3S5ljgvu8kyN3iUyxeyTgUUPjJ/d+97bWuJY7J1Ftac=",
              "company": "B3SrzYskVcUbc9/kC97CW9mXTiD4sRYyryCgkW1VeK2w=",
              "company_url": "https://www.xing.com/companies/go?name=SnbDj0GN1hIF6C9wm/i500kU4SpSArhozLAq5fF0LW4=",
              "jobDuration": "2 Jahr, 6 Monat ",
              "jobDates": "08/2014 - 01/2017"
            },
            {
              "jobTitle": "FT+QaTAVG7CT1TFzuGTad0fWC2HaZm9UyG3QauzJVnY=",
              "company": "TuHWyxvuu1C6ykoBFqqL1nJzaicL338Mika4UctoBsEQ=",
              "company_url": "https://www.xing.com/companies/go?name=oVRxSqjGJziF0Oet5ZM6gw8hZHRkvHoDNF4d43PM8PY=",
              "jobDuration": "2 Jahr, 1 Monat",
              "jobDates": "11/2011 - 11/2013"
            },
            {
              "jobTitle": "24S7t7PLxmJGmvKtqWdFnFVdXzPk22UnSoGIl1DKtHY=",
              "company": "T/LQlLslJ7LiOAsDHBpEFoq5sx54tzgnqpBkPVHWQCno=",
              "company_url": "https://www.xing.com/companies/go?name=6yQBMO+YrwipugjMHmoa0qtPJmTcN8HpveifJ+Gbn1w=",
              "jobDuration": "7 Monat ",
              "jobDates": "01/2011 - 07/2011"
            },
            {
              "jobTitle": "o9ml3mrXglSxHzt/sDdxqwaA9ZV7MuhrWtz2c+Pfb5E=",
              "company": "B0LK09mxowWGsuxCGu0C7+O22a/cVN8o2seb2GrZS948=",
              "company_url": "https://www.xing.com/companies/go?name=btgTVsEORbGBQCMPjOIepXR/3MV/wvQBDCNalE8gE7k=",
              "jobDuration": "5 Monat ",
              "jobDates": "03/2010 - 07/2010"
            },
            {
              "jobTitle": "qU+kUjhsKmjeDCc1XplQpHR6LB2p7UbszQMqW/bm5p0=",
              "company": "-7iGgXMH4Udmk0O880dH8PMVDivwTL3EGHyWOjHQr8MU=",
              "company_url": "https://www.xing.com/companies/go?name=q5Ip9qnRjREdN6i7wv5NV5zcpYZznAnfdl+JlYox9QU="
            }
          ]
        }
      ],
      "languages": [
        {
        }
      ],
      "education": [
        {
          "institution": "uA0/UDbdAQfqQTVX0kyMRAdyOhHdyp7N4D/azw3eqvE=",
          "url": "https://www.xing.com/search/members?keywords=pKry3i5yFwjR0Pe+v0YvtZ7kUVCk2eqxpbdmvbD8pZk=",
          "degree": "Environmental Engineering, M.Sc. in Environmental Engineering",
          "eduDuration": "10/2011 - 11/2013"
        },
        {
          "institution": "zU4xw5y5cNDPK3B+L9Cpl4ZpL81joIPhDRuC/1SQZmw=",
          "url": "https://www.xing.com/search/members?keywords=yXTuI47g+R6lY7yH/fe1QOxrtliQk+AlqubC4KsXOVg=",
          "degree": "Industrial Engineering, Exchange semester",
          "eduDuration": "10/2009 - 02/2010"
        },
        {
          "institution": "w3eCcEWaSRV5EhL1pnONq6BCc/oR4eFX8oZ5EAZs4UY=",
          "url": "https://www.xing.com/search/members?keywords=45DBUUbQwcHbNRAFraNDnPfJR6+9fcQwBOtwHpmhc+I=",
          "degree": "Chemical Engineering with minor in Industrial Engineering, B.Sc. Chemical Engineering with minor in Industrial Engineering",
          "eduDuration": "08/2006 - 05/2011"
        }
      ],
      "awards": [
        {
        }
      ]
    },
    {
      "profile": [
        {
          "sex": "m",
          "memberSince_Hits": "7. Februar 2013 / 1011",
          "currJobDescr": "Cx1UdF379X6TPC0h2APuxUcA1KHBikpoHXo3h2scf7I=",
          "jobs": [
            {
              "jobTitle": "Cx1UdF379X6TPC0h2APuxUcA1KHBikpoHXo3h2scf7I=",
              "company": "Nc3Fc4b+vjR+pNTmI+KKQD2VGPsZxFrDLtrKja6Kek9E=",
              "company_url": "https://www.xing.com/companies/go?name=YALLKVjFXOJti6MHQalEGEpS1rkMd3UiOJYWx6gKLhQ=",
              "jobDuration": "3 Jahr, 4 Monat ",
              "jobDates": "10/2013 - 01/2017"
            },
            {
              "jobTitle": "6fpVwGOyAsw8I+pzExoE6OKt87PC3Rvd0KbBB9+6tVw=",
              "company": "GKvLW35UbaDc8P71MdVrwhK5eI5m5sp4yB6pVTxseghE=",
              "company_url": "https://www.xing.com/companies/go?name=SxddU2ZYw/y7O9ddhvWeUFK5I5lILIHRi0ZDg5X5cf8=",
              "jobDuration": "3 Jahr, 7 Monat ",
              "jobDates": "01/2010 - 07/2013"
            },
            {
              "jobTitle": "WdAJNDGG5NfBt5xVg8MKbP/MeRDUflcPqeGzOR8awrY=",
              "company": "U9Jkp0qJt7lFkkZ2pR/4C9caSqZWVprHvhIBCd4PG5G8=",
              "company_url": "https://www.xing.com/companies/go?name=76i4YFtCSji68rH7pSJ/0zqnVVu4/j317UR4WcVQroc=",
              "jobDuration": "11 Monat ",
              "jobDates": "10/2007 - 08/2008"
            },
            {
              "jobTitle": "jbJ3K4j85Vm3KcgaW7q+fBS/3gzo6CFp/20ifRJODfY=",
              "company": "GbaChGK6X+d10h484JgxabbBujmy2bxX57UziqXP8GrA=",
              "company_url": "https://www.xing.com/companies/go?name=lbHskQTG2c/EWRkmFmY76YJ7aTbNmqmINIsxpPn2hTc=",
              "jobDuration": "9 Monat ",
              "jobDates": "11/2006 - 07/2007"
            },
            {
              "jobTitle": "qeEQvvILheS2MIJOK/rzNOTM40beIk2HIdaH3LlteyA=",
              "company": "Ixw5aubk9LLwqe2mNu3QvH6ew/ZGNNhNNGQEVx3BetKM=",
              "company_url": "https://www.xing.com/companies/go?name=0OBIsO2EvOkHC9AKPkR4P2BwR3ZfXjRYv+O+QULiMhQ=",
              "jobDuration": "2 Monat ",
              "jobDates": "08/2004 - 09/2004"
            }
          ]
        }
      ],
      "languages": [
        {
        }
      ],
      "education": [
        {
          "institution": "j/yBIzlSsYX5X9QOWV6fX5T8GeTm8XZyDhcivNX7s58=",
          "url": "https://www.xing.com/search/members?keywords=5J8KfgdNszx+B/I2zAbx/CHEsE0fs7utucc1WLKK/Qw=",
          "degree": "Chemical Reaction & Reactor Engineering, Doctor of Philosophy",
          "eduDuration": "01/2010 - 08/2013"
        },
        {
          "institution": "jmKk9D2zoO146iOrFRuav5L/Qismu+jxiVYaQkX4PeI=",
          "url": "https://www.xing.com/search/members?keywords=AcjGbV8NwNDvLzKWzE6VrZYmUAl/mApvoUqJ6gACVn8=",
          "degree": "Diplom in Verfahrenstechnik",
          "eduDuration": "10/2007 - 10/2009"
        },
        {
          "institution": "jmKk9D2zoO146iOrFRuav5L/Qismu+jxiVYaQkX4PeI=",
          "url": "https://www.xing.com/search/members?keywords=AcjGbV8NwNDvLzKWzE6VrZYmUAl/mApvoUqJ6gACVn8=",
          "degree": "Verfahrenstechnik, Vordiplom in Verfahrenstechnik",
          "eduDuration": "10/2004 - 09/2007"
        },
        {
          "institution": "rBNJn2ISyyKfo0teM6eDh3P2mPSHLoIwDb+LL9Cz34s=",
          "url": "https://www.xing.com/search/members?keywords=jCCTJ6Why1z1iAafYyV2w/FlA7oDCwJd6ejltSxzUAY=",
          "degree": "Wissenschaftliches Abitur",
          "eduDuration": "09/1997 - 08/2004"
        }
      ]
    },
    {
      "profile": [
        {
          "sex": "m",
          "memberSince_Hits": "18. Juli 2016 / 24",
          "currJobDescr": "Cx1UdF379X6TPC0h2APuxUcA1KHBikpoHXo3h2scf7I=",
          "jobs": [
            {
              "jobTitle": "Cx1UdF379X6TPC0h2APuxUcA1KHBikpoHXo3h2scf7I=",
              "company": "TA1+kEvGOcYVdhFPX6T2M4ysB5KxbW1ZgXGydpaJvvjI=",
              "company_url": "https://www.xing.com/companies/go?name=PKgtc//1t/PIOMqgxAxMqGc7tgzfoASH/QBMNz0abMs=",
              "jobDuration": "2 Jahr, 9 Monat ",
              "jobDates": "05/2014 - 01/2017"
            }
          ]
        }
      ],
      "languages": [
        {
        }
      ],
      "education": [
        {
          "institution": "n2CC30qpMCxECbsNruGJSO2MGO/niBXiA+e0DJtt6Zs=",
          "url": "https://www.xing.com/search/members?keywords=9cCzaU2W3KBK1+rz0XUM2V4Q9w3PydKqkDYXyO7ybQw=",
          "degree": "Chemical Engineering, Bachelors",
          "eduDuration": "09/2011 - 04/2016"
        }
      ],
      "awards": [
        {
        }
      ]
    },
    {
      "profile": [
        {
          "sex": "m",
          "memberSince_Hits": "30. Mai 2009 / 3149",
          "currJobDescr": "gg3LBtqoMG1YtdapbNGTdTetb/urFNNti5jMMo3iFa0=",
          "jobs": [
            {
              "jobTitle": "gg3LBtqoMG1YtdapbNGTdTetb/urFNNti5jMMo3iFa0=",
              "company": "Ar6IQxDH6qUktS8QmBxqYpE2LJ6eKX07/xHYomoZbonE=",
              "company_url": "https://www.xing.com/companies/go?name=bYaMIkQTyZb2Xn1qWr/4c792phwHIZ9vII8a1Hp1NxI=",
              "jobDuration": "9 Jahre",
              "jobDates": "02/2008 - 01/2017"
            },
            {
              "jobTitle": "EVFjDQq8hUMIU0rQPuq/nVMEUU1HlSuRpEbha8RDj48=",
              "company": "GQHdlPMZC9vHQJuMrBjFS/313/lEthKjtGX3dpnoLuqg=",
              "company_url": "https://www.xing.com/companies/go?name=9v/nF4MrU+1dDLgwvJDv6nmuSDZNmviCEOewHod+qLw=",
              "jobDuration": "2 Jahr, 2 Monat ",
              "jobDates": "01/2006 - 02/2008"
            },
            {
              "jobTitle": "5oWY1jSXdg14Dv/axfAnTwICvIxg+P4rdcKhZthVkms=",
              "company": "SoyDG1JZukix69bhsmV1cGtdVI4f5yMl4FNYrc8ltDsE=",
              "company_url": "https://www.xing.com/companies/go?name=JQ5v9kuI8wmJL5Ru8eDdUH2L5e2syb1/Prc8YooxrT8=",
              "jobDuration": "2 Jahr, 7 Monat ",
              "jobDates": "07/2003 - 01/2006"
            }
          ]
        }
      ],
      "languages": [
        {
        }
      ],
      "education": [
        {
          "institution": "mjsqpfx4EKiMmDWFs9/hvjK9eSy2y5JTs2aQ2nwRwm0=",
          "url": "https://www.xing.com/search/members?keywords=mjsqpfx4EKiMmDWFs9/hvjK9eSy2y5JTs2aQ2nwRwm0=",
          "degree": "ENVIRONMENT, POST GRADUATION IN ENVIRONMENT",
          "eduDuration": "03/2010 - 04/2012"
        },
        {
          "institution": "8CBkrPblu9xDZwUPboP0Fei3bYW5er7/imsyAA9THBA=",
          "url": "https://www.xing.com/search/members?keywords=Uk0ueKT/XrRYzUH4oJ48BAwfL0UNB61pfbeifRKniHA=",
          "degree": "ENERGY, ENERGY AUDITOR",
          "eduDuration": "01/2008 - 12/2008"
        },
        {
          "institution": "Kqr43kI17t4XCxH4l6qjszTP+9GosTEYRBc5x/hSAtY=",
          "url": "https://www.xing.com/search/members?keywords=wHEzQG6VX2co32ZBBotilHyTgnDfBdM8fUwJ4I7nMgE=",
          "degree": "Operation Management, MBA (Operation Management)",
          "eduDuration": "12/2006 - 12/2008"
        },
        {
          "institution": "STpqOyVlmI55aJwkTJJAy1wqHL+01Rpzw3GhNshYvJc=",
          "url": "https://www.xing.com/search/members?keywords=93RZsjeBYz440bSEB9+4FVIKzATG9v92HDc18dZ3sV4=",
          "degree": "Chemical Engineer, Chemical Engineer",
          "eduDuration": "06/1998 - 10/2002"
        }
      ]
    },
    {
      "profile": [
        {
          "sex": "m",
          "memberSince_Hits": "31. Oktober 2016 / 53",
          "currJobDescr": "Cx1UdF379X6TPC0h2APuxUcA1KHBikpoHXo3h2scf7I=",
          "jobs": [
            {
              "jobTitle": "Cx1UdF379X6TPC0h2APuxUcA1KHBikpoHXo3h2scf7I=",
              "company": "s0XRRNwjR7p9tf9OV/2XOUNLANIM8sonaOGSRc6ME1No=",
              "company_url": "https://www.xing.com/companies/go?name=oxqh0vIitA0SJq01y73lHBZySwyQpXV7J9DdFEHKhic=",
              "jobDates": "bis heute"
            },
            {
              "jobTitle": "PR+LmHlJE+dpzaPz5p5/C9pIU0bIMGOi4ObL68/VPCw=",
              "company": "AuYVrlyIHQZZE3TEbASSAt5SOjZMOn8tSL1hRGar72Ic=",
              "company_url": "https://www.xing.com/companies/go?name=BzuU7DntF1l+WUCESkeh56DgADx7oE8oHDgC4fied2A="
            }
          ]
        }
      ],
      "languages": [
        {
        }
      ],
      "education": [
        {
          "institution": "TKM7SOzLyYqHy4lRdTUL5osZQWrJVrSZb8iC4cLP728=",
          "url": "https://www.xing.com/search/members?keywords=vUlmR0M/CPnwcV2YtXwh3qIw25n+zVnqZlZxHJysYoM=",
          "degree": "Chemical Biology, maters degree",
          "eduDuration": "07/2001 - 08/2004"
        }
      ]
    },
    {
      "profile": [
        {
          "sex": "f",
          "memberSince_Hits": "7. Juli 2010 / 1238",
          "currJobDescr": "9ZXgCExg0WqBbhXCHjn57gVZF5dJ/8yFBJcqQNffj6k=",
          "jobs": [
            {
              "jobTitle": "9ZXgCExg0WqBbhXCHjn57gVZF5dJ/8yFBJcqQNffj6k=",
              "company": "AR8KB6xueHGqiuF41HAlvmJb4IREFJDEykS85NNyQ6v0=",
              "company_url": "https://www.xing.com/companies/go?name=1uFXsBE746e8zn38Agat/GUtymJCj6MvS5qSFw01fds=",
              "jobDates": "bis heute"
            }
          ]
        }
      ],
      "languages": [
        {
        }
      ],
      "education": [
        {
          "institution": "R8KB6xueHGqiuF41HAlvmJb4IREFJDEykS85NNyQ6v0=",
          "url": "https://www.xing.com/search/members?keywords=9/9iQAhrafMecMVYa/DixLBb0QwetYGCWERj6JhX6P0=",
          "degree": "Chemical Engineering, PhD",
          "eduDuration": "09/2005 - 06/2010"
        },
        {
          "institution": "TVjQtpA372pTcoltwMXH3mDm+Pz6rOpJb88+g3tX+LU=",
          "url": "https://www.xing.com/search/members?keywords=RyXP3Orm1D8u7iXJ4ALiUe5S9whLtCPpmixXzDstRDk=",
          "degree": "Chemical Engineering, Professional Doctorate in Engineering in Process and Equipment Design",
          "eduDuration": "09/2003 - 09/2005"
        },
        {
          "institution": "R8KB6xueHGqiuF41HAlvmJb4IREFJDEykS85NNyQ6v0=",
          "url": "https://www.xing.com/search/members?keywords=9/9iQAhrafMecMVYa/DixLBb0QwetYGCWERj6JhX6P0=",
          "degree": "Chemical Engineering, Diploma",
          "eduDuration": "09/1997 - 10/2002"
        }
      ]
    },
    {
      "profile": [
        {
          "sex": "f",
          "memberSince_Hits": "14. Oktober 2008 / 1664",
          "currJobDescr": "QwYfoYagZwVAAXrWXZbfZFqQpgf8mFP+jWfDXMQv+Pw=",
          "jobs": [
            {
              "jobTitle": "QwYfoYagZwVAAXrWXZbfZFqQpgf8mFP+jWfDXMQv+Pw=",
              "company": "UxdG4itxwXYJxesf1Ck6bsTkysGlRkfgWorxLD7ITgK4=",
              "company_url": "https://www.xing.com/companies/go?name=k3arD26vnPIdFV8+hij0HP6/R1ZYNOg5Sz2RpXCWyV8=",
              "jobDuration": "6 Jahr, 7 Monat ",
              "jobDates": "07/2010 - 01/2017"
            }
          ]
        }
      ],
      "languages": [
        {
        }
      ],
      "education": [
        {
          "institution": "AnmRXxqYftAmE5kig0AnRwyRU5n/P31aCy+Jl7d5uOw=",
          "url": "https://www.xing.com/search/members?keywords=rMC838qosBvn1BVqQUZ5rkoMQgdlDbHKe/SdUBOzyWE=",
          "degree": "Real Estate, Post-graduation",
          "eduDuration": "2009 - 2010"
        },
        {
          "institution": "xq0c/KTotITo18GsHa3p5WHtgevTtFV5jPzuopXVdy4=",
          "url": "https://www.xing.com/search/members?keywords=FqhhVOMUWSu+y8GGsahpcOunPU2rPg4dvCL7hc8Qmi0=",
          "degree": "Industrial Engineering",
          "eduDuration": "2006 - 2006"
        },
        {
          "institution": "Zy2be+Oj/+WLFlenUpEv5UBsU36+X/ZgpmqVe6bQQg8=",
          "url": "https://www.xing.com/search/members?keywords=ndEhNhHzwWh6PpF1ESI2gDgRTi5iJkScs+BvgWvnmQg=",
          "degree": "Wydział Chemiczny ... Chemistry, magister inżynier chemii",
          "eduDuration": "1978 - 1984"
        }
      ]
    },
    {
      "profile": [
        {
          "sex": "m",
          "memberSince_Hits": "16. Juni 2016 / 46",
          "currJobDescr": "Cx1UdF379X6TPC0h2APuxUcA1KHBikpoHXo3h2scf7I=",
          "jobs": [
            {
              "jobTitle": "Cx1UdF379X6TPC0h2APuxUcA1KHBikpoHXo3h2scf7I=",
              "company": "ch7aLr1McIsY0jxM1d2tcnU9zwJQd8GSIN88cKWAgyOA=",
              "company_url": "https://www.xing.com/companies/go?name=oPFofnqtXafhYQhOtvuWjadQBn4hCl2vxeHYLee84n8=",
              "jobDates": "bis heute"
            }
          ]
        }
      ],
      "languages": [
        {
        }
      ],
      "awards": [
        {
        }
      ]
    },
    {
      "profile": [
        {
          "sex": "m",
          "memberSince_Hits": "3. Januar 2016 / 275",
          "currJobDescr": "Cx1UdF379X6TPC0h2APuxUcA1KHBikpoHXo3h2scf7I=",
          "jobs": [
            {
              "jobTitle": "Cx1UdF379X6TPC0h2APuxUcA1KHBikpoHXo3h2scf7I=",
              "company": "hlZGb3X6ckgJtZEwHG4CQ2Ocgrhdy/AZ2Q/k7/IUmrLU=",
              "company_url": "https://www.xing.com/companies/go?name=JxwYryEfvXBOdVO+cTmc/LomV3ni1d3p9Qmg5qciasI=",
              "jobDuration": "1 Jahr, 1 Monat",
              "jobDates": "01/2016 - 01/2017"
            },
            {
              "jobTitle": "219ZDdFnQmg3qamrxQlQpHwTPVsRkV9g5RviUPclElg=",
              "company": "hlZGb3X6ckgJtZEwHG4CQ2Ocgrhdy/AZ2Q/k7/IUmrLU=",
              "company_url": "https://www.xing.com/companies/go?name=JxwYryEfvXBOdVO+cTmc/LomV3ni1d3p9Qmg5qciasI=",
              "jobDuration": "7 Jahr, 5 Monat ",
              "jobDates": "08/2008 - 12/2015"
            }
          ]
        }
      ],
      "languages": [
        {
        }
      ],
      "education": [
        {
          "institution": "MxcuLilzRHIpHLJ2E08+07Y/YFMcKVkCOKWIgiSllf0=",
          "url": "https://www.xing.com/search/members?keywords=IuIzWheYKbr2t7rhMTL1jaTkzPmkrjU9xk/TPgNGl78=",
          "degree": "Verfahrenstechnik, Bachelor of Engineering",
          "eduDuration": "02/2014 - 01/2017"
        }
      ]
    },
    {
      "profile": [
        {
          "sex": "m",
          "memberSince_Hits": "23. Oktober 2016 / 13",
          "currJobDescr": "fn9LM6mT22xnBDUJTmHCt8U3JSxWPHR1PDB7vZhcK9s=",
          "jobs": [
            {
              "jobTitle": "fn9LM6mT22xnBDUJTmHCt8U3JSxWPHR1PDB7vZhcK9s=",
              "company": "KAWXPVr6Jo1tuv/m0cNvbD9n2xsqBmFtKZBLEZgcYOAE=",
              "company_url": "https://www.xing.com/companies/go?name=vPl96aWR/x3FDA1WjOkbi4UleID95RTI3eGWdUAN838=",
              "jobDuration": "1 Jahr, 3 Monat ",
              "jobDates": "11/2015 - 01/2017"
            },
            {
              "jobTitle": "bMtjjbx501qseYI1pc27K4wDbL37yRPm3cCWNFrfen8=",
              "company": "Tjo1pcnTx6fV5pCYKLoK1Z3rDR5bWLyYbKV4PxwRFNqw=",
              "company_url": "https://www.xing.com/companies/go?name=ePynzvTFLJb889EygeRdGa6c4bWvCeLKzvwK0qT4jLw=",
              "jobDuration": "1 Jahr",
              "jobDates": "06/2015 - 05/2016"
            }
          ]
        }
      ],
      "languages": [
        {
        }
      ],
      "education": [
        {
          "institution": "KmxjvhQX2OkFvPGeDl0AKwE8Knly+5qXTOkPH6SHG0E=",
          "url": "https://www.xing.com/search/members?keywords=PzlQKI8YY0U5xKhtfY/sUH8tvMt6hD4JgeAsZ5Lu3B0=",
          "degree": "Chemical Engineering, Master of Engineering Chemistry",
          "eduDuration": "09/2014 - 07/2015"
        },
        {
          "institution": "KmxjvhQX2OkFvPGeDl0AKwE8Knly+5qXTOkPH6SHG0E=",
          "url": "https://www.xing.com/search/members?keywords=PzlQKI8YY0U5xKhtfY/sUH8tvMt6hD4JgeAsZ5Lu3B0=",
          "degree": "Chemistry, Bachelor of engineering chemistry",
          "eduDuration": "09/2010 - 06/2014"
        },
        {
          "institution": "KWsBxEL9kd4lKOWPKxhKtCfs1EA3o921652uKfKCZJE=",
          "url": "https://www.xing.com/search/members?keywords=v8m8IlsXXT9aNfQzqQ/aqwMf2P4qb2xrU8RmtzHugSQ=",
          "degree": "High school",
          "eduDuration": "09/2006 - 06/2010"
        }
      ],
      "awards": [
        {
        }
      ]
    },
    {
      "profile": [
        {
          "sex": "m",
          "memberSince_Hits": "3. November 2009 / 999",
          "currJobDescr": "Cx1UdF379X6TPC0h2APuxUcA1KHBikpoHXo3h2scf7I=",
          "jobs": [
            {
              "jobTitle": "Cx1UdF379X6TPC0h2APuxUcA1KHBikpoHXo3h2scf7I=",
              "company": "PT3DSXP5DrfMO727BvdFGa8/veRNCROARF+6AGp9TxSs=",
              "company_url": "https://www.xing.com/companies/go?name=4EXxP9RpVLyL4NZKn+5aBApe2dY1RD/zRRsQBDlp6nE=",
              "jobDuration": "5 Jahr, 5 Monat ",
              "jobDates": "09/2011 - 01/2017"
            },
            {
              "jobTitle": "YzPB1Y0+PTq1MZtcu+7GnuKoWn1eMT+vfJBSDs/M8hI=",
              "company": "LkmuOaLzCgH9nskhEjrIZte54IYoNunmgu+pKQi4oy7E=",
              "company_url": "https://www.xing.com/companies/go?name=i9BsQvjp2JgQVHVWK4DB/B4riz8zpwyyptqS9gNlXgw=",
              "jobDuration": "3 Jahr, 4 Monat ",
              "jobDates": "06/2008 - 09/2011"
            },
            {
              "jobTitle": "02XGCuyZnPW3dg+Dev6jLBj0iFz3E7B8phSwbJcYcp0=",
              "company": "LEE2u0QruJorWbV+Aia5XMxug0Gz2uiwHo6VYGsev+Pc=",
              "company_url": "https://www.xing.com/companies/go?name=urBpp6yI/tno3iCEkBc3+WBRqUkMzfsohCEZcncbuS0=",
              "jobDuration": "1 Jahr",
              "jobDates": "06/2007 - 05/2008"
            },
            {
              "jobTitle": "02XGCuyZnPW3dg+Dev6jLBj0iFz3E7B8phSwbJcYcp0=",
              "company": "G54p64WP/phaQu2pyvbZ1A8e3C+N6FJuC6lINEwbprlc=",
              "company_url": "https://www.xing.com/companies/go?name=qjJoyowtAWQjPZwvDkw8g7WXjit/+gwRfAa3jTWKqGQ=",
              "jobDuration": "3 Jahre",
              "jobDates": "06/2004 - 05/2007"
            }
          ]
        }
      ],
      "languages": [
        {
        }
      ],
      "education": [
        {
          "institution": "bY0tNLVr5wMYredHfWY707g8HUVcOcGiNMwzHirLEl0=",
          "url": "https://www.xing.com/search/members?keywords=mi9UGT6gz9C7HHX+W0VVYFlAfJcyf8BCaijdmZxR7g8=",
          "degree": "Batchelors Degree in Chemical Engineering",
          "eduDuration": "10/1995 - 05/2004"
        }
      ]
    },
    {
      "profile": [
        {
          "sex": "m",
          "memberSince_Hits": "12. Januar 2009 / 510",
          "currJobDescr": "u3rx31xmeDNInBUpmODCFWZv+9X5QAhib+BbC3i+w3E=",
          "jobs": [
            {
              "jobTitle": "u3rx31xmeDNInBUpmODCFWZv+9X5QAhib+BbC3i+w3E=",
              "company": "C47kPRFPKdLyyJ35/M9yNJCDtBxvDvbiCJANfaEdE2aQ=",
              "company_url": "https://www.xing.com/companies/go?name=Axt0VFtVCFBj4EKiPDtrG98y7IBQ6wtzdVWjleaOUZU=",
              "jobDates": "bis heute"
            }
          ]
        }
      ],
      "languages": [
        {
        }
      ],
      "education": [
        {
          "institution": "/CWva7Efas6aqS29NV0FXtjnOaXXt+iPR1vy+hhTKpQ=",
          "url": "https://www.xing.com/search/members?keywords=7pWipf2lBjahXaBUDLGmx8aPZiHidvzLVf0M5muOWxU=",
          "degree": "Chemical Industry",
          "eduDuration": "02/2003 - 09/2008"
        }
      ]
    },
    {
      "profile": [
        {
          "sex": "m",
          "memberSince_Hits": "2. Dezember 2013 / 492",
          "currJobDescr": "iOFsflTUOyyZc0I1QCx4P/kcIatewCjB0+QeHx50QsI=",
          "jobs": [
            {
              "jobTitle": "iOFsflTUOyyZc0I1QCx4P/kcIatewCjB0+QeHx50QsI=",
              "company": "S1SriVrcdARNqZtqJIRH/wrfm0Bs4GvWnmlQmdODYb/k=",
              "company_url": "https://www.xing.com/companies/go?name=Wt95Ac52xYoq1c9lvS2YC4EIjxBzvcgPjFBY5Kp8H3k=",
              "jobDates": "bis heute"
            },
            {
              "jobTitle": "uR7yev78QbL0eWFthiY47UGsuqoRhsT5dj7hLftCutU=",
              "company": "T8EuVUeu3qoWfODWC29bdFYPjW5+dX6+pC77/cP4gpec=",
              "company_url": "https://www.xing.com/companies/go?name=lzvKS2KX3it8jvpMa5Q1CIog5/a0/KbfLv89IbmM42E="
            }
          ]
        }
      ],
      "languages": [
        {
        }
      ],
      "education": [
        {
          "institution": "A13T+82fusuGK5iwV99SvVPN6n2OxJ9yelTyJefqf88=",
          "url": "https://www.xing.com/search/members?keywords=raxbdeW14IeJbbNSoqXlvCtnywtRiIXe1qwAFyJyfs4=",
          "degree": "Chemical Engineering",
          "eduDuration": "01/1966 - 08/1970"
        }
      ]
    },
    {
      "profile": [
        {
          "sex": "m",
          "memberSince_Hits": "22. November 2015 / 312",
          "currJobDescr": "kwvOCFQvPBZ6Rxl4GJRIV//KUZx+LMiwJzfZNO5gKRc=",
          "jobs": [
            {
              "jobTitle": "kwvOCFQvPBZ6Rxl4GJRIV//KUZx+LMiwJzfZNO5gKRc=",
              "company": "AB5IP7iw1qALoBsVkOmGgBz7e7KFO6PVQuQTv0ulMuHM=",
              "company_url": "https://www.xing.com/companies/go?name=1jjRCg9ywyzUKUdKqcT0e1LbOVzNVBCJ/BC/96d/RtQ=",
              "jobDates": "bis heute"
            }
          ]
        }
      ],
      "languages": [
        {
        }
      ],
      "education": [
        {
          "institution": "UDlXVfsc5LEsX+lwMsizDUb6133l4sCRNJ5CB2I5MIs=",
          "url": "https://www.xing.com/search/members?keywords=JSCrX8rrNDeX3TPfIou4/5MEQ7/XGj5Iz1Ut0oU5dyw=",
          "degree": "Chemical engineering Specialization and oil and gas, Mphill",
          "eduDuration": "09/2011 - 10/2015"
        }
      ],
      "awards": [
        {
        }
      ]
    },
    {
      "profile": [
        {
          "sex": "f",
          "memberSince_Hits": "31. Juli 2016 / 38",
          "currJobDescr": "tlf0vSs1tmQTAs+cCYpO7FWXHe+3raxuaAeDL2xkc4g=",
          "jobs": [
            {
              "jobTitle": "tlf0vSs1tmQTAs+cCYpO7FWXHe+3raxuaAeDL2xkc4g=",
              "company": "p6H4VgUDtRDy8NwXPy1ERK8ccdz3qIvoh/56ilcexcO4=",
              "company_url": "https://www.xing.com/companies/go?name=ypykcHaSL4dO3vtRBPlnyMaxLuhGAVjwxCky9y1ASv8=",
              "jobDates": "bis heute"
            }
          ]
        }
      ]
    },
    {
      "profile": [
        {
          "sex": "m",
          "memberSince_Hits": "8. November 2014 / 397",
          "currJobDescr": "Cx1UdF379X6TPC0h2APuxUcA1KHBikpoHXo3h2scf7I=",
          "jobs": [
            {
              "jobTitle": "Cx1UdF379X6TPC0h2APuxUcA1KHBikpoHXo3h2scf7I=",
              "company": "poMRsiKn7oJmMfXB92YB7j+sEgZhk3q5vbA62sQsaVsE=",
              "company_url": "https://www.xing.com/companies/go?name=N6sFOlVItx2HC3wURBuo8mEHYXHrCvNS2YjizMLKbpk=",
              "jobDates": "bis heute"
            },
            {
              "jobTitle": "jJYe57jWHZqZSqEV5lInOPaQvXP06mysRyK9uyVaIW0=",
              "company": "mNF3Y99CCNhQ5obJnFV9eL7gHn0ygXKYu7mWBtDRBAbs=",
              "company_url": "https://www.xing.com/companies/go?name=ukRDhzjZQHeL17T5jQGeBL3k5qO7vSo/zqLYlhuvNcs=",
              "jobDuration": "8 Jahr, 11 Monat ",
              "jobDates": "03/2008 - 01/2017"
            }
          ]
        }
      ],
      "languages": [
        {
        }
      ]
    },
    {
      "profile": [
        {
          "sex": "m",
          "memberSince_Hits": "24. Juli 2014 / 620",
          "currJobDescr": "dRrpCSVoITLFa+Lu5wAr6MdahzypKQUYbx3xyhrMNvc=",
          "jobs": [
            {
              "jobTitle": "dRrpCSVoITLFa+Lu5wAr6MdahzypKQUYbx3xyhrMNvc=",
              "company": "TJk+5npGmV5pMIeOyWRSeR0a5g89gTZUAGvgUphQQI/Y=",
              "company_url": "https://www.xing.com/companies/go?name=zKmLUjn5WLdac/6ZWnBj8ZjQWj8xHKRoLra2Xusdlas=",
              "jobDuration": "2 Jahr, 8 Monat ",
              "jobDates": "06/2014 - 01/2017"
            },
            {
              "jobTitle": "bC0Kr77xActQNAJmWloXdui2MX1ZsOdIdQYM3ZpG30Y=",
              "company": "MKMEDudxlxXa+qtsup0s3CdiG/IUc/s9n7bink8DQaec=",
              "company_url": "https://www.xing.com/companies/go?name=lSDA8HRnPinZijRYTZkv+XcNqlU3UE0Yg23XOgX4Q9k=",
              "jobDuration": "5 Jahr, 6 Monat ",
              "jobDates": "01/2009 - 06/2014"
            },
            {
              "jobTitle": "MhQRAd78QjVIFoynXhUhKLLCxy1fr7HKfIMUh5U1qaI=",
              "company": "G8C7D6ApC9Op+T2VKwDHHkEOQABQSl1cHEH6I6/p7iEw=",
              "company_url": "https://www.xing.com/companies/go?name=b+BYam2IF0sKzUUgnds1cdGfAZkVAxCWrAl1WBIl86U=",
              "jobDuration": "5 Jahr, 5 Monat ",
              "jobDates": "09/2003 - 01/2009"
            }
          ]
        }
      ],
      "languages": [
        {
        }
      ]
    },
    {
      "profile": [
        {
          "sex": "m",
          "memberSince_Hits": "7. April 2012 / 368",
          "currJobDescr": "RGW8E9m8hqB8FWLpx0N6VigAuxW93gsc/IxOg88kQYE=",
          "jobs": [
            {
              "jobTitle": "RGW8E9m8hqB8FWLpx0N6VigAuxW93gsc/IxOg88kQYE=",
              "company": "-jbNeu6WGt04wtGeKTrjMMN2jfFUSyJBVIBqDn/2QMJY=",
              "company_url": "https://www.xing.com/companies/go?name=I6+nqMw4wVrSniFWqE0RwbJiTj489RMda4vC8O7wRI4=",
              "jobDates": "bis heute"
            }
          ]
        }
      ],
      "languages": [
        {
        }
      ]
    },
    {
      "profile": [
        {
          "sex": "m",
          "memberSince_Hits": "23. März 2005 / 952",
          "currJobDescr": "Cx1UdF379X6TPC0h2APuxUcA1KHBikpoHXo3h2scf7I=",
          "jobs": [
            {
              "jobTitle": "Cx1UdF379X6TPC0h2APuxUcA1KHBikpoHXo3h2scf7I=",
              "company": "UfhTjg+RJb3ejkhSVP430sqKj9+NPylXOqWYUPSVdZIg=",
              "company_url": "https://www.xing.com/companies/go?name=Tue5eiSbDQuIU5w7YFPaVEIM1GeM2Oq/UbOeUf5QiBU=",
              "jobDates": "bis heute"
            }
          ]
        }
      ],
      "languages": [
        {
        }
      ],
      "education": [
        {
          "institution": "VMbh3YkhCDcMaF3XPaGifHwSsfMDxr+6CNTRfCJ5kcw=",
          "url": "https://www.xing.com/search/members?keywords=VnSlxQFag75IxZGB6CDcTCNA0Mq6a/gR7P5SJCd8xzY="
        }
      ]
    },
    {
      "profile": [
        {
          "sex": "m",
          "memberSince_Hits": "12. Dezember 2016 / 4",
          "currJobDescr": "Cx1UdF379X6TPC0h2APuxUcA1KHBikpoHXo3h2scf7I=",
          "jobs": [
            {
              "jobTitle": "Cx1UdF379X6TPC0h2APuxUcA1KHBikpoHXo3h2scf7I=",
              "company": "ScTPZCfbQwbrAlNQ/dAVVRs6jbWKzAs6GD2E4qGpPxB8=",
              "company_url": "https://www.xing.com/companies/go?name=eqANjLB4xMROjepn8kRjNKPuTw7IaMadJJBmxQYa/fg=",
              "jobDates": "bis heute"
            },
            {
              "jobTitle": "2hLVzSSyUoztjDfe+P6s/O+Z8W2q9IULTGWaRSHzbfE=",
              "company": "ODTXNOU842IOskdBG8sSKxoWm575Mhg1Y09JANmcagoI=",
              "company_url": "https://www.xing.com/companies/go?name=Rc8E9bQe37dWkFUj9RStcmMw5pXNutYRHObB/Se74MM=",
              "jobDuration": "3 Monat ",
              "jobDates": "06/2014 - 08/2014"
            }
          ]
        }
      ],
      "education": [
        {
          "institution": "iX7Rku6iMcStJgk+Vhlqys0GZKAM/oukOd6KXF7yU9M=",
          "url": "https://www.xing.com/search/members?keywords=v8yzXfuhgvq7rebUHPy4HzeFuvzzezz6C6gI5AX/TMU=",
          "degree": "Chemical Engineering, Bachelor's",
          "eduDuration": "09/2011 - 07/2016"
        }
      ]
    },
    {
      "profile": [
        {
          "sex": "f",
          "memberSince_Hits": "16. September 2016 / 77",
          "currJobDescr": "dRrpCSVoITLFa+Lu5wAr6MdahzypKQUYbx3xyhrMNvc=",
          "jobs": [
            {
              "jobTitle": "dRrpCSVoITLFa+Lu5wAr6MdahzypKQUYbx3xyhrMNvc=",
              "company": "DL0/x6gMUcJ3b5MFCZVXF/K1fYu0VnkrTBSoendJ+Tnc=",
              "company_url": "https://www.xing.com/companies/go?name=Z9u+zUERFaxRvQjSVojhAfWEGpe3erlqFbogA9Mba3k=",
              "jobDates": "bis heute"
            }
          ]
        }
      ],
      "languages": [
        {
        }
      ],
      "education": [
        {
          "institution": "/k1ae+4yC5JCjEP9C0CjzImCgu4mHjMTJ0T+rPdyHZ4=",
          "url": "https://www.xing.com/search/members?keywords=GLaiVYNvU5OLPbFcqs2TkxAYpK3rpa8PA9gr5e94eew=",
          "degree": "Zellbiologie, PhD",
          "eduDuration": "07/2011 - 12/2015"
        },
        {
          "institution": "Nk+RcYwOqFP1P5HM43/StQQsXYNM56OzY0ymdM1a7M0=",
          "url": "https://www.xing.com/search/members?keywords=bIWChhxfQVqJjh+Ww4dFHMuBOb/GCxZKrUQXcRPrGAo=",
          "degree": "Chemie, Diplom",
          "eduDuration": "10/2003 - 05/2009"
        }
      ]
    },
    {
      "profile": [
        {
          "sex": "m",
          "memberSince_Hits": "18. April 2016 / 102",
          "currJobDescr": "Cx1UdF379X6TPC0h2APuxUcA1KHBikpoHXo3h2scf7I=",
          "jobs": [
            {
              "jobTitle": "Cx1UdF379X6TPC0h2APuxUcA1KHBikpoHXo3h2scf7I=",
              "company": "AMgd6FlTddfz6DqCCbq0Zla1yAUfxVaFlKT/yKg78yXI=",
              "company_url": "https://www.xing.com/companies/go?name=eWQ7ItpGSZr7REERpZS0ECXnwI0VHXM4aL+B6qcjlao=",
              "jobDates": "bis heute"
            }
          ]
        }
      ],
      "education": [
        {
          "institution": "oG++Ab+rJrC4XVA/Yrl3ctuw3RP//VRt5+RXez3j6Pk=",
          "url": "https://www.xing.com/search/members?keywords=cRshfoVcu0uhozY5eB+UjJrvPWsCZRq2uryrluUklS4=",
          "degree": "B.sc Chemical Engineering, M.sc........",
          "eduDuration": "09/2012 - 06/2016"
        }
      ]
    },
    {
      "profile": [
        {
          "sex": "m",
          "memberSince_Hits": "26. November 2014 / 138",
          "currJobDescr": "kBZJVrIjUMONpbRHwMGFSH1BtSjhvOuyzFaYFqCC1BQ=",
          "jobs": [
            {
              "jobTitle": "kBZJVrIjUMONpbRHwMGFSH1BtSjhvOuyzFaYFqCC1BQ=",
              "company": "HNGD7Jd1z23H5vQ8hpAsJ8jKxtC0n9JTcYryEoOGceHM=",
              "company_url": "https://www.xing.com/companies/go?name=8fg1QLyAQAD7nl99Ct88jOXPlclHboeK+XjjGCimvZE=",
              "jobDuration": "3 Monat ",
              "jobDates": "11/2016 - 01/2017"
            },
            {
              "jobTitle": "/oCBakz68eRjKtlPj+nbDHf1qc2Xt1UG+99OApKLdzM=",
              "company": "Mkx2lCPNJQpP+r7Z2lvl9CAioCwj4Zw1yvkGJ/+JbB94=",
              "company_url": "https://www.xing.com/companies/go?name=ltbGGWjl8qYQP7fdl1bn+iiaZl5ArWmClnDr0mAsZm0=",
              "jobDuration": "4 Jahr, 3 Monat ",
              "jobDates": "03/2012 - 05/2016"
            },
            {
              "jobTitle": "tXiZgisHSbJ3hv7utvmyINA+hT96KtrIxMnMhN7wDCA=",
              "company": "Us7vpddzW2WYvnftItebGRlvbxHMZ6eQobBZeSzym+hI=",
              "company_url": "https://www.xing.com/companies/go?name=8cMRYv86q0m4tF4PYknGeT15jOuUgnA9gHXpCRxHayw="
            }
          ]
        }
      ],
      "languages": [
        {
        }
      ],
      "education": [
        {
          "institution": "kx2lCPNJQpP+r7Z2lvl9CAioCwj4Zw1yvkGJ/+JbB94=",
          "url": "https://www.xing.com/search/members?keywords=ch2V7exlomFig3abaMAUCFujyDsOEsrKNL435LOZ9rE=",
          "degree": "Chemie, PhD",
          "eduDuration": "03/2012 - 01/2017"
        },
        {
          "institution": "s7vpddzW2WYvnftItebGRlvbxHMZ6eQobBZeSzym+hI=",
          "url": "https://www.xing.com/search/members?keywords=kV9+ZqtQQ3EYhvjjHXk2iBllFe8Zuxyc4/LHpRi0ZFo=",
          "degree": "Chemie, Master of Science",
          "eduDuration": "10/2009 - 01/2012"
        },
        {
          "institution": "s7vpddzW2WYvnftItebGRlvbxHMZ6eQobBZeSzym+hI=",
          "url": "https://www.xing.com/search/members?keywords=kV9+ZqtQQ3EYhvjjHXk2iBllFe8Zuxyc4/LHpRi0ZFo=",
          "degree": "Chemie, Bachelor of Science",
          "eduDuration": "10/2005 - 09/2009"
        }
      ],
      "awards": [
        {
        }
      ]
    },
    {
      "profile": [
        {
          "sex": "m",
          "memberSince_Hits": "13. August 2014 / 379",
          "currJobDescr": "Cx1UdF379X6TPC0h2APuxUcA1KHBikpoHXo3h2scf7I=",
          "jobs": [
            {
              "jobTitle": "Cx1UdF379X6TPC0h2APuxUcA1KHBikpoHXo3h2scf7I=",
              "company": "MjIZlc+b6KtmjDlokQzAwqNO+JemkX1VVSMMZdsEzL10=",
              "company_url": "https://www.xing.com/companies/go?name=QV7BibWYxgjpqb45m/c6qKs4pGcvMXubTDN0dnXa3zg=",
              "jobDates": "bis heute"
            }
          ]
        }
      ],
      "languages": [
        {
        }
      ],
      "education": [
        {
          "institution": "HLYpc12dUhi9bbYPxvsxCCHcrjUdmZDO0rCtsXkzTYQ=",
          "url": "https://www.xing.com/search/members?keywords=4bn83WAOk6DuZOtkriccZ15kz8bCuTN1Jzq1T72eT+8=",
          "degree": "International Material Flow Management, MSc"
        },
        {
          "institution": "lG0WL3cU5yK8YiiDtozIJcCtUBIVYk1CpnX5hElwbK8=",
          "url": "https://www.xing.com/search/members?keywords=5rvwGXRLPEF4p5Z10tdl35X56WyjK84cxJkdAUouv5o=",
          "degree": "Chemical Engineering, Dipl. ing."
        }
      ]
    }
  ]
}
